GROUP_FORTRESS_JANGAN	REF_SIEGE_FORTRESS	STRING	FORTRESS_JANGAN	
GROUP_FORTRESS_DONWHANG	REF_SIEGE_FORTRESS	STRING	FORTRESS_DONWHANG	
GROUP_FORTRESS_HOTAN	REF_SIEGE_FORTRESS	STRING	FORTRESS_HOTAN	
GROUP_FORTRESS_CONSTANTINOPLE	REF_SIEGE_FORTRESS	STRING	FORTRESS_CONSTANTINOPLE	
GROUP_FORTRESS_SAMARKAND	REF_SIEGE_FORTRESS	STRING	FORTRESS_SAMARKAND	
GROUP_FORTRESS_BIJEOKDAN	REF_SIEGE_FORTRESS	STRING	FORTRESS_BIJEOKDAN	
GROUP_FORTRESS_HEUKMAKDAN	REF_SIEGE_FORTRESS	STRING	FORTRESS_HEUKMAKDAN	
GROUP_FORTRESS_EVILORDER	REF_SIEGE_FORTRESS	STRING	FORTRESS_EVILORDER	
GROUP_FORTRESS_JANGAN	REF_REGION_BIND_ASSOC_SERVER	STRING	FORT_JA_AREA	
GROUP_FORTRESS_DONWHANG	REF_REGION_BIND_ASSOC_SERVER	STRING	FORT_DW_AREA	
GROUP_FORTRESS_HOTAN	REF_REGION_BIND_ASSOC_SERVER	STRING	FORT_HT_AREA	
GROUP_FORTRESS_CONSTANTINOPLE	REF_REGION_BIND_ASSOC_SERVER	STRING	FORT_CT_AREA	
GROUP_FORTRESS_SAMARKAND	REF_REGION_BIND_ASSOC_SERVER	STRING	FORT_SK_AREA	
GROUP_FORTRESS_BIJEOKDAN	REF_REGION_BIND_ASSOC_SERVER	STRING	FORT_BJ_AREA	
GROUP_FORTRESS_HEUKMAKDAN	REF_REGION_BIND_ASSOC_SERVER	STRING	FORT_HM_AREA	
GROUP_FORTRESS_EVILORDER	REF_REGION_BIND_ASSOC_SERVER	STRING	FORT_ER_AREA	
GROUP_ARENA_OCCUPY_8_GATE	REF_TELEPORT_BATTLE_ARENA_A_GATE	STRING	GATE_ARENA_OCCUPY_8_A_GATE	
GROUP_ARENA_OCCUPY_16_GATE	REF_TELEPORT_BATTLE_ARENA_A_GATE	STRING	GATE_ARENA_OCCUPY_16_A_GATE	
GROUP_ARENA_OCCUPY_32_GATE	REF_TELEPORT_BATTLE_ARENA_A_GATE	STRING	GATE_ARENA_OCCUPY_32_A_GATE	
GROUP_ARENA_FLAG_8_GATE	REF_TELEPORT_BATTLE_ARENA_A_GATE	STRING	GATE_ARENA_FLAG_8_A_GATE	
GROUP_ARENA_FLAG_16_GATE	REF_TELEPORT_BATTLE_ARENA_A_GATE	STRING	GATE_ARENA_FLAG_16_A_GATE	
GROUP_ARENA_FLAG_32_GATE	REF_TELEPORT_BATTLE_ARENA_A_GATE	STRING	GATE_ARENA_FLAG_32_A_GATE	
GROUP_ARENA_SCORE_8_GATE	REF_TELEPORT_BATTLE_ARENA_A_GATE	STRING	GATE_ARENA_SCORE_8_A_GATE	
GROUP_ARENA_SCORE_16_GATE	REF_TELEPORT_BATTLE_ARENA_A_GATE	STRING	GATE_ARENA_SCORE_16_A_GATE	
GROUP_ARENA_SCORE_32_GATE	REF_TELEPORT_BATTLE_ARENA_A_GATE	STRING	GATE_ARENA_SCORE_32_A_GATE	
GROUP_ARENA_OCCUPY_8_GATE	REF_TELEPORT_BATTLE_ARENA_B_GATE	STRING	GATE_ARENA_OCCUPY_8_B_GATE	
GROUP_ARENA_OCCUPY_16_GATE	REF_TELEPORT_BATTLE_ARENA_B_GATE	STRING	GATE_ARENA_OCCUPY_16_B_GATE	
GROUP_ARENA_OCCUPY_32_GATE	REF_TELEPORT_BATTLE_ARENA_B_GATE	STRING	GATE_ARENA_OCCUPY_32_B_GATE	
GROUP_ARENA_FLAG_8_GATE	REF_TELEPORT_BATTLE_ARENA_B_GATE	STRING	GATE_ARENA_FLAG_8_B_GATE	
GROUP_ARENA_FLAG_16_GATE	REF_TELEPORT_BATTLE_ARENA_B_GATE	STRING	GATE_ARENA_FLAG_16_B_GATE	
GROUP_ARENA_FLAG_32_GATE	REF_TELEPORT_BATTLE_ARENA_B_GATE	STRING	GATE_ARENA_FLAG_32_B_GATE	
GROUP_ARENA_SCORE_8_GATE	REF_TELEPORT_BATTLE_ARENA_B_GATE	STRING	GATE_ARENA_SCORE_8_B_GATE	
GROUP_ARENA_SCORE_16_GATE	REF_TELEPORT_BATTLE_ARENA_B_GATE	STRING	GATE_ARENA_SCORE_16_B_GATE	
GROUP_ARENA_SCORE_32_GATE	REF_TELEPORT_BATTLE_ARENA_B_GATE	STRING	GATE_ARENA_SCORE_32_B_GATE	
GROUP_ARENA_OCCUPY_8_GATE	BATTLE_ARENA_REWARD_WIN	FLOAT32	20	
GROUP_ARENA_OCCUPY_8_GATE	BATTLE_ARENA_REWARD_LOSE	FLOAT32	3	
GROUP_ARENA_OCCUPY_8_GATE	BATTLE_ARENA_REWARD_DRAW	FLOAT32	7	
GROUP_ARENA_OCCUPY_8_GATE	BATTLE_ARENA_TICKET_DROP_RATE	INT32	0	
GROUP_ARENA_OCCUPY_16_GATE	BATTLE_ARENA_REWARD_WIN	FLOAT32	25	
GROUP_ARENA_OCCUPY_16_GATE	BATTLE_ARENA_REWARD_LOSE	FLOAT32	4	
GROUP_ARENA_OCCUPY_16_GATE	BATTLE_ARENA_REWARD_DRAW	FLOAT32	8	
GROUP_ARENA_OCCUPY_16_GATE	BATTLE_ARENA_TICKET_DROP_RATE	INT32	0	
GROUP_ARENA_OCCUPY_32_GATE	BATTLE_ARENA_REWARD_WIN	FLOAT32	30	
GROUP_ARENA_OCCUPY_32_GATE	BATTLE_ARENA_REWARD_LOSE	FLOAT32	5	
GROUP_ARENA_OCCUPY_32_GATE	BATTLE_ARENA_REWARD_DRAW	FLOAT32	10	
GROUP_ARENA_OCCUPY_32_GATE	BATTLE_ARENA_TICKET_DROP_RATE	INT32	0	
GROUP_ARENA_FLAG_8_GATE	BATTLE_ARENA_REWARD_WIN	FLOAT32	20	
GROUP_ARENA_FLAG_8_GATE	BATTLE_ARENA_REWARD_LOSE	FLOAT32	3	
GROUP_ARENA_FLAG_8_GATE	BATTLE_ARENA_REWARD_DRAW	FLOAT32	7	
GROUP_ARENA_FLAG_8_GATE	BATTLE_ARENA_TICKET_DROP_RATE	INT32	0	
GROUP_ARENA_FLAG_16_GATE	BATTLE_ARENA_REWARD_WIN	FLOAT32	25	
GROUP_ARENA_FLAG_16_GATE	BATTLE_ARENA_REWARD_LOSE	FLOAT32	4	
GROUP_ARENA_FLAG_16_GATE	BATTLE_ARENA_REWARD_DRAW	FLOAT32	8	
GROUP_ARENA_FLAG_16_GATE	BATTLE_ARENA_TICKET_DROP_RATE	INT32	0	
GROUP_ARENA_FLAG_32_GATE	BATTLE_ARENA_REWARD_WIN	FLOAT32	30	
GROUP_ARENA_FLAG_32_GATE	BATTLE_ARENA_REWARD_LOSE	FLOAT32	5	
GROUP_ARENA_FLAG_32_GATE	BATTLE_ARENA_REWARD_DRAW	FLOAT32	10	
GROUP_ARENA_FLAG_32_GATE	BATTLE_ARENA_TICKET_DROP_RATE	INT32	0	
GROUP_ARENA_SCORE_8_GATE	BATTLE_ARENA_REWARD_WIN	FLOAT32	15	
GROUP_ARENA_SCORE_8_GATE	BATTLE_ARENA_REWARD_LOSE	FLOAT32	3	
GROUP_ARENA_SCORE_8_GATE	BATTLE_ARENA_REWARD_DRAW	FLOAT32	5	
GROUP_ARENA_SCORE_8_GATE	BATTLE_ARENA_TICKET_DROP_RATE	INT32	0	
GROUP_ARENA_SCORE_16_GATE	BATTLE_ARENA_REWARD_WIN	FLOAT32	20	
GROUP_ARENA_SCORE_16_GATE	BATTLE_ARENA_REWARD_LOSE	FLOAT32	3	
GROUP_ARENA_SCORE_16_GATE	BATTLE_ARENA_REWARD_DRAW	FLOAT32	7	
GROUP_ARENA_SCORE_16_GATE	BATTLE_ARENA_TICKET_DROP_RATE	INT32	0	
GROUP_ARENA_SCORE_32_GATE	BATTLE_ARENA_REWARD_WIN	FLOAT32	25	
GROUP_ARENA_SCORE_32_GATE	BATTLE_ARENA_REWARD_LOSE	FLOAT32	4	
GROUP_ARENA_SCORE_32_GATE	BATTLE_ARENA_REWARD_DRAW	FLOAT32	8	
GROUP_ARENA_SCORE_32_GATE	BATTLE_ARENA_TICKET_DROP_RATE	INT32	0	
GROUP_PHARAOH_NOVICE	GAME_WORLD_NORMALIZE_TYPE	STRING	GAME_WORLD_NORMALIZE_TYPE_A	
GROUP_PHARAOH_NOVICE	ENTER_LIMIT_CONDITION_ENTRY	STRING	NUM_LIMIT	
GROUP_PHARAOH_NOVICE	ENTER_LIMIT_CONDITION_PARTY	STRING	ON	
GROUP_PHARAOH_NOVICE	ENTER_LIMIT_CONDITION_LEVEL_MINIMUM_NUM	INT32	90	
GROUP_PHARAOH_NOVICE	ENTER_LIMIT_CONDITION_ENTRY_MAXIMUM_NUM	INT32	2	
GROUP_PHARAOH_NOVICE	ENTER_LIMIT_CONDITION_REENTRY	STRING	ON	
GROUP_PHARAOH_NOVICE	ENTER_LIMIT_CONDITION_JOB_CLOTHES_TAKE_OFF	STRING	ON	
GROUP_PHARAOH_NOVICE	ENTER_LIMIT_CONDITION_RIDE_COS_NOT_RIDING	STRING	ON	
GROUP_PHARAOH_NOVICE	ENTER_LIMIT_CONDITION_TRADE_COS_NOT_RIDING	STRING	ON	
GROUP_PHARAOH_NOVICE	REF_GAME_WORLD_NPC	STRING	INS_PHARAOH_NOVICE	
GROUP_PHARAOH_NOVICE	ENTER_LIMIT_CONDITION_GAME_WORLD_ASSIGNED	STRING	ON	
GROUP_PHARAOH_NOVICE	PARTYMONSTER_SPAWN	STRING	OFF	
GROUP_PHARAOH_NOVICE	ENTER_LIMIT_CONDITION_FRPVP_VOUCHER_TAKE_OFF	STRING	ON	
GROUP_PHARAOH_NOVICE	GAMEWORLD_DISAPPEARANCE_TIME	INT32	1800000	
GROUP_PHARAOH_NOVICE	GAMEWORLD_DISAPPEARANCE_TIME	INT32	600000	
GROUP_PHARAOH_NOVICE	GAMEWORLD_DISAPPEARANCE_TIME	INT32	300000	
GROUP_PHARAOH_NOVICE	ENTER_LIMIT_CONDITION_ENTRY_ADDITIONAL1_ITEM	STRING	ITEM_PRE_SILVERTAM_4W	
GROUP_PHARAOH_NOVICE	ENTER_LIMIT_CONDITION_ENTRY_ADDITIONAL1_NUM	INT32	1	
GROUP_PHARAOH_NOVICE	ENTER_LIMIT_CONDITION_ENTRY_ADDITIONAL2_ITEM	STRING	ITEM_PRE_GOLTAM_4W	
GROUP_PHARAOH_NOVICE	ENTER_LIMIT_CONDITION_ENTRY_ADDITIONAL2_NUM	INT32	1	
GROUP_PHARAOH_NOVICE	ENTER_LIMIT_CONDITION_ENTRY_ADDITIONAL3_ITEM	STRING	ITEM_PRE_GOLTAM_4W_PLUS	
GROUP_PHARAOH_NOVICE	ENTER_LIMIT_CONDITION_ENTRY_ADDITIONAL3_NUM	INT32	3	
GROUP_PHARAOH_NOVICE	ENTER_LIMIT_CONDITION_ENTRY_ADDITIONAL4_ITEM	STRING	ITEM_MALL_EXPERT_PACKAGE_SERVICE_GLOBAL	
GROUP_PHARAOH_NOVICE	ENTER_LIMIT_CONDITION_ENTRY_ADDITIONAL4_NUM	INT32	1	
GROUP_PHARAOH_NOVICE	ENTER_LIMIT_CONDITION_ENTRY_ADDITIONAL5_ITEM	STRING	ITEM_PRE_MALL_EXPERT_PACKAGE_SERVICE_GLOBAL	
GROUP_PHARAOH_NOVICE	ENTER_LIMIT_CONDITION_ENTRY_ADDITIONAL5_NUM	INT32	1	
GROUP_PHARAOH_NOVICE	DUNGEON_TICKET	STRING	ITEM_MALL_DUNGEON_FREE_TICKET_EGYPT	
GROUP_PHARAOH_NOVICE	DUNGEON_TICKET	STRING	ITEM_PRE_MALL_DUNGEON_FREE_TICKET_EGYPT	
GROUP_PHARAOH_EXPERT	GAME_WORLD_NORMALIZE_TYPE	STRING	GAME_WORLD_NORMALIZE_TYPE_A	
GROUP_PHARAOH_EXPERT	ENTER_LIMIT_CONDITION_ENTRY	STRING	NUM_LIMIT	
GROUP_PHARAOH_EXPERT	ENTER_LIMIT_CONDITION_PARTY	STRING	ON	
GROUP_PHARAOH_EXPERT	ENTER_LIMIT_CONDITION_LEVEL_MINIMUM_NUM	INT32	90	
GROUP_PHARAOH_EXPERT	ENTER_LIMIT_CONDITION_ENTRY_MAXIMUM_NUM	INT32	2	
GROUP_PHARAOH_EXPERT	ENTER_LIMIT_CONDITION_REENTRY	STRING	ON	
GROUP_PHARAOH_EXPERT	ENTER_LIMIT_CONDITION_JOB_CLOTHES_TAKE_OFF	STRING	ON	
GROUP_PHARAOH_EXPERT	ENTER_LIMIT_CONDITION_RIDE_COS_NOT_RIDING	STRING	ON	
GROUP_PHARAOH_EXPERT	ENTER_LIMIT_CONDITION_TRADE_COS_NOT_RIDING	STRING	ON	
GROUP_PHARAOH_EXPERT	REF_GAME_WORLD_NPC	STRING	INS_PHARAOH_EXPERT	
GROUP_PHARAOH_EXPERT	ENTER_LIMIT_CONDITION_GAME_WORLD_ASSIGNED	STRING	ON	
GROUP_PHARAOH_EXPERT	PARTYMONSTER_SPAWN	STRING	OFF	
GROUP_PHARAOH_EXPERT	ENTER_LIMIT_CONDITION_FRPVP_VOUCHER_TAKE_OFF	STRING	ON	
GROUP_PHARAOH_EXPERT	GAMEWORLD_DISAPPEARANCE_TIME	INT32	1800000	
GROUP_PHARAOH_EXPERT	GAMEWORLD_DISAPPEARANCE_TIME	INT32	600000	
GROUP_PHARAOH_EXPERT	GAMEWORLD_DISAPPEARANCE_TIME	INT32	300000	
GROUP_PHARAOH_EXPERT	ENTER_LIMIT_CONDITION_ENTRY_ADDITIONAL1_ITEM	STRING	ITEM_PRE_SILVERTAM_4W	
GROUP_PHARAOH_EXPERT	ENTER_LIMIT_CONDITION_ENTRY_ADDITIONAL1_NUM	INT32	1	
GROUP_PHARAOH_EXPERT	ENTER_LIMIT_CONDITION_ENTRY_ADDITIONAL2_ITEM	STRING	ITEM_PRE_GOLTAM_4W	
GROUP_PHARAOH_EXPERT	ENTER_LIMIT_CONDITION_ENTRY_ADDITIONAL2_NUM	INT32	1	
GROUP_PHARAOH_EXPERT	ENTER_LIMIT_CONDITION_ENTRY_ADDITIONAL3_ITEM	STRING	ITEM_PRE_GOLTAM_4W_PLUS	
GROUP_PHARAOH_EXPERT	ENTER_LIMIT_CONDITION_ENTRY_ADDITIONAL3_NUM	INT32	3	
GROUP_PHARAOH_EXPERT	ENTER_LIMIT_CONDITION_ENTRY_ADDITIONAL4_ITEM	STRING	ITEM_MALL_EXPERT_PACKAGE_SERVICE_GLOBAL	
GROUP_PHARAOH_EXPERT	ENTER_LIMIT_CONDITION_ENTRY_ADDITIONAL4_NUM	INT32	1	
GROUP_PHARAOH_EXPERT	ENTER_LIMIT_CONDITION_ENTRY_ADDITIONAL5_ITEM	STRING	ITEM_PRE_MALL_EXPERT_PACKAGE_SERVICE_GLOBAL	
GROUP_PHARAOH_EXPERT	ENTER_LIMIT_CONDITION_ENTRY_ADDITIONAL5_NUM	INT32	1	
GROUP_PHARAOH_EXPERT	DUNGEON_TICKET	STRING	ITEM_MALL_DUNGEON_FREE_TICKET_EGYPT	
GROUP_PHARAOH_EXPERT	DUNGEON_TICKET	STRING	ITEM_PRE_MALL_DUNGEON_FREE_TICKET_EGYPT	
GROUP_PHARAOH_MASTER	GAME_WORLD_NORMALIZE_TYPE	STRING	GAME_WORLD_NORMALIZE_TYPE_A	
GROUP_PHARAOH_MASTER	ENTER_LIMIT_CONDITION_ENTRY	STRING	NUM_LIMIT	
GROUP_PHARAOH_MASTER	ENTER_LIMIT_CONDITION_PARTY	STRING	ON	
GROUP_PHARAOH_MASTER	ENTER_LIMIT_CONDITION_LEVEL_MINIMUM_NUM	INT32	90	
GROUP_PHARAOH_MASTER	ENTER_LIMIT_CONDITION_ENTRY_MAXIMUM_NUM	INT32	2	
GROUP_PHARAOH_MASTER	ENTER_LIMIT_CONDITION_REENTRY	STRING	ON	
GROUP_PHARAOH_MASTER	ENTER_LIMIT_CONDITION_JOB_CLOTHES_TAKE_OFF	STRING	ON	
GROUP_PHARAOH_MASTER	ENTER_LIMIT_CONDITION_RIDE_COS_NOT_RIDING	STRING	ON	
GROUP_PHARAOH_MASTER	ENTER_LIMIT_CONDITION_TRADE_COS_NOT_RIDING	STRING	ON	
GROUP_PHARAOH_MASTER	REF_GAME_WORLD_NPC	STRING	INS_PHARAOH_MASTER	
GROUP_PHARAOH_MASTER	ENTER_LIMIT_CONDITION_GAME_WORLD_ASSIGNED	STRING	ON	
GROUP_PHARAOH_MASTER	PARTYMONSTER_SPAWN	STRING	OFF	
GROUP_PHARAOH_MASTER	ENTER_LIMIT_CONDITION_FRPVP_VOUCHER_TAKE_OFF	STRING	ON	
GROUP_PHARAOH_MASTER	GAMEWORLD_DISAPPEARANCE_TIME	INT32	1800000	
GROUP_PHARAOH_MASTER	GAMEWORLD_DISAPPEARANCE_TIME	INT32	600000	
GROUP_PHARAOH_MASTER	GAMEWORLD_DISAPPEARANCE_TIME	INT32	300000	
GROUP_PHARAOH_MASTER	ENTER_LIMIT_CONDITION_ENTRY_ADDITIONAL1_ITEM	STRING	ITEM_PRE_SILVERTAM_4W	
GROUP_PHARAOH_MASTER	ENTER_LIMIT_CONDITION_ENTRY_ADDITIONAL1_NUM	INT32	1	
GROUP_PHARAOH_MASTER	ENTER_LIMIT_CONDITION_ENTRY_ADDITIONAL2_ITEM	STRING	ITEM_PRE_GOLTAM_4W	
GROUP_PHARAOH_MASTER	ENTER_LIMIT_CONDITION_ENTRY_ADDITIONAL2_NUM	INT32	1	
GROUP_PHARAOH_MASTER	ENTER_LIMIT_CONDITION_ENTRY_ADDITIONAL3_ITEM	STRING	ITEM_PRE_GOLTAM_4W_PLUS	
GROUP_PHARAOH_MASTER	ENTER_LIMIT_CONDITION_ENTRY_ADDITIONAL3_NUM	INT32	3	
GROUP_PHARAOH_MASTER	ENTER_LIMIT_CONDITION_ENTRY_ADDITIONAL4_ITEM	STRING	ITEM_MALL_EXPERT_PACKAGE_SERVICE_GLOBAL	
GROUP_PHARAOH_MASTER	ENTER_LIMIT_CONDITION_ENTRY_ADDITIONAL4_NUM	INT32	1	
GROUP_PHARAOH_MASTER	ENTER_LIMIT_CONDITION_ENTRY_ADDITIONAL5_ITEM	STRING	ITEM_PRE_MALL_EXPERT_PACKAGE_SERVICE_GLOBAL	
GROUP_PHARAOH_MASTER	ENTER_LIMIT_CONDITION_ENTRY_ADDITIONAL5_NUM	INT32	1	
GROUP_PHARAOH_MASTER	DUNGEON_TICKET	STRING	ITEM_MALL_DUNGEON_FREE_TICKET_EGYPT	
GROUP_PHARAOH_MASTER	DUNGEON_TICKET	STRING	ITEM_PRE_MALL_DUNGEON_FREE_TICKET_EGYPT	
GROUP_TEMPLE_DEFAULT	ENTER_LIMIT_CONDITION_LEVEL_MINIMUM_NUM	INT32	90	
GROUP_TEMPLE_DEFAULT	ENTER_LIMIT_CONDITION_JOB_CLOTHES_PUT_ON	STRING	ON	
GROUP_TEMPLE_DEFAULT	ENTER_LIMIT_CONDITION_RIDE_COS_NOT_RIDING	STRING	ON	
GROUP_TEMPLE_DEFAULT	ENTER_LIMIT_CONDITION_TRADE_COS_NOT_RIDING	STRING	ON	
GROUP_TEMPLE_DEFAULT	ENTER_LIMIT_CONDITION_FRPVP_VOUCHER_TAKE_OFF	STRING	ON	
GROUP_TEMPLE_DEFAULT	ENTER_LIMIT_CONDITION_TEMPLE_ASSOCIATION	STRING	ON	
GROUP_TEMPLE_DEFAULT	ENTER_LIMIT_CONDITION_TEMPLE_ASSOCIATION_RATE_MERCHANT_HUNTER	INT32	70	
GROUP_TEMPLE_DEFAULT	ENTER_LIMIT_CONDITION_TEMPLE_ASSOCIATION_RATE_THIEF	INT32	70	
GROUP_TEMPLE_DEFAULT	ENTER_LIMIT_CONDITION_TEMPLE_ASSOCIATION_MINIMUM_NUM	INT32	30	
GROUP_TEMPLE_DEFAULT	GAMEWORLD_ENTRY_UNTOUCHABLE_TIME	FLOAT32	15	
GROUP_TEMPLE_DEFAULT	GAME_WORLD_NORMALIZE_TYPE	STRING	GAME_WORLD_NORMALIZE_TYPE_A	
GROUP_TEMPLE_SELK	GAME_WORLD_NORMALIZE_TYPE	STRING	GAME_WORLD_NORMALIZE_TYPE_A	
GROUP_TEMPLE_NEIT	GAME_WORLD_NORMALIZE_TYPE	STRING	GAME_WORLD_NORMALIZE_TYPE_A	
GROUP_TEMPLE_ANUB	GAME_WORLD_NORMALIZE_TYPE	STRING	GAME_WORLD_NORMALIZE_TYPE_A	
GROUP_TEMPLE_ISIS	GAME_WORLD_NORMALIZE_TYPE	STRING	GAME_WORLD_NORMALIZE_TYPE_A	
GROUP_TEMPLE_HARO	GAME_WORLD_NORMALIZE_TYPE	STRING	GAME_WORLD_NORMALIZE_TYPE_A	
GROUP_TEMPLE_SETH	GAME_WORLD_NORMALIZE_TYPE	STRING	GAME_WORLD_NORMALIZE_TYPE_A	
GROUP_TEMPLE_SELK	GAMEWORLD_DISAPPEARANCE_TIME	INT32	1800000	
GROUP_TEMPLE_SELK	GAMEWORLD_DISAPPEARANCE_TIME	INT32	600000	
GROUP_TEMPLE_SELK	GAMEWORLD_DISAPPEARANCE_TIME	INT32	300000	
GROUP_TEMPLE_SELK	GAMEWORLD_DISAPPEARANCE_TIME	INT32	120000	
GROUP_TEMPLE_SELK	GAMEWORLD_DISAPPEARANCE_TIME	INT32	60000	
GROUP_TEMPLE_SELK	GAMEWORLD_DISAPPEARANCE_TIME	INT32	30000	
GROUP_TEMPLE_NEIT	GAMEWORLD_DISAPPEARANCE_TIME	INT32	1800000	
GROUP_TEMPLE_NEIT	GAMEWORLD_DISAPPEARANCE_TIME	INT32	600000	
GROUP_TEMPLE_NEIT	GAMEWORLD_DISAPPEARANCE_TIME	INT32	300000	
GROUP_TEMPLE_NEIT	GAMEWORLD_DISAPPEARANCE_TIME	INT32	120000	
GROUP_TEMPLE_NEIT	GAMEWORLD_DISAPPEARANCE_TIME	INT32	60000	
GROUP_TEMPLE_NEIT	GAMEWORLD_DISAPPEARANCE_TIME	INT32	30000	
GROUP_TEMPLE_ANUB	GAMEWORLD_DISAPPEARANCE_TIME	INT32	1800000	
GROUP_TEMPLE_ANUB	GAMEWORLD_DISAPPEARANCE_TIME	INT32	600000	
GROUP_TEMPLE_ANUB	GAMEWORLD_DISAPPEARANCE_TIME	INT32	300000	
GROUP_TEMPLE_ANUB	GAMEWORLD_DISAPPEARANCE_TIME	INT32	120000	
GROUP_TEMPLE_ANUB	GAMEWORLD_DISAPPEARANCE_TIME	INT32	60000	
GROUP_TEMPLE_ANUB	GAMEWORLD_DISAPPEARANCE_TIME	INT32	30000	
GROUP_TEMPLE_ISIS	GAMEWORLD_DISAPPEARANCE_TIME	INT32	1800000	
GROUP_TEMPLE_ISIS	GAMEWORLD_DISAPPEARANCE_TIME	INT32	600000	
GROUP_TEMPLE_ISIS	GAMEWORLD_DISAPPEARANCE_TIME	INT32	300000	
GROUP_TEMPLE_ISIS	GAMEWORLD_DISAPPEARANCE_TIME	INT32	120000	
GROUP_TEMPLE_ISIS	GAMEWORLD_DISAPPEARANCE_TIME	INT32	60000	
GROUP_TEMPLE_ISIS	GAMEWORLD_DISAPPEARANCE_TIME	INT32	30000	
GROUP_TEMPLE_HARO	GAMEWORLD_DISAPPEARANCE_TIME	INT32	1800000	
GROUP_TEMPLE_HARO	GAMEWORLD_DISAPPEARANCE_TIME	INT32	600000	
GROUP_TEMPLE_HARO	GAMEWORLD_DISAPPEARANCE_TIME	INT32	300000	
GROUP_TEMPLE_HARO	GAMEWORLD_DISAPPEARANCE_TIME	INT32	120000	
GROUP_TEMPLE_HARO	GAMEWORLD_DISAPPEARANCE_TIME	INT32	60000	
GROUP_TEMPLE_HARO	GAMEWORLD_DISAPPEARANCE_TIME	INT32	30000	
GROUP_TEMPLE_SETH	GAMEWORLD_DISAPPEARANCE_TIME	INT32	1800000	
GROUP_TEMPLE_SETH	GAMEWORLD_DISAPPEARANCE_TIME	INT32	600000	
GROUP_TEMPLE_SETH	GAMEWORLD_DISAPPEARANCE_TIME	INT32	300000	
GROUP_TEMPLE_SETH	GAMEWORLD_DISAPPEARANCE_TIME	INT32	120000	
GROUP_TEMPLE_SETH	GAMEWORLD_DISAPPEARANCE_TIME	INT32	60000	
GROUP_TEMPLE_SETH	GAMEWORLD_DISAPPEARANCE_TIME	INT32	30000	
GROUP_TEMPLE_SELK	ENTER_GATE_REGION	INT32	-32752	
GROUP_TEMPLE_SELK	ENTER_GATE_X	FLOAT32	-8049	
GROUP_TEMPLE_SELK	ENTER_GATE_Y	FLOAT32	41	
GROUP_TEMPLE_SELK	ENTER_GATE_Z	FLOAT32	1861	
GROUP_TEMPLE_SELK	ENTER_GATE_TARGAET_REGION	INT32	-32758	
GROUP_TEMPLE_SELK	ENTER_GATE_TARGAET_X	FLOAT32	-8052	
GROUP_TEMPLE_SELK	ENTER_GATE_TARGAET_Y	FLOAT32	32	
GROUP_TEMPLE_SELK	ENTER_GATE_TARGAET_Z	FLOAT32	2344	
GROUP_TEMPLE_SELK	LEAVE_GATE_REGION	INT32	-32758	
GROUP_TEMPLE_SELK	LEAVE_GATE_X	FLOAT32	-8064	
GROUP_TEMPLE_SELK	LEAVE_GATE_Y	FLOAT32	58	
GROUP_TEMPLE_SELK	LEAVE_GATE_Z	FLOAT32	2150	
GROUP_TEMPLE_SELK	LEAVE_GATE_TARGAET_REGION	INT32	-32752	
GROUP_TEMPLE_SELK	LEAVE_GATE_TARGAET_X	FLOAT32	-8062	
GROUP_TEMPLE_SELK	LEAVE_GATE_TARGAET_Y	FLOAT32	41	
GROUP_TEMPLE_SELK	LEAVE_GATE_TARGAET_Z	FLOAT32	1803	
GROUP_TEMPLE_NEIT	ENTER_GATE_REGION	INT32	-32752	
GROUP_TEMPLE_NEIT	ENTER_GATE_X	FLOAT32	-3085	
GROUP_TEMPLE_NEIT	ENTER_GATE_Y	FLOAT32	67	
GROUP_TEMPLE_NEIT	ENTER_GATE_Z	FLOAT32	3489	
GROUP_TEMPLE_NEIT	ENTER_GATE_TARGAET_REGION	INT32	-32757	
GROUP_TEMPLE_NEIT	ENTER_GATE_TARGAET_X	FLOAT32	-3630	
GROUP_TEMPLE_NEIT	ENTER_GATE_TARGAET_Y	FLOAT32	58	
GROUP_TEMPLE_NEIT	ENTER_GATE_TARGAET_Z	FLOAT32	3482	
GROUP_TEMPLE_NEIT	LEAVE_GATE_REGION	INT32	-32757	
GROUP_TEMPLE_NEIT	LEAVE_GATE_X	FLOAT32	-3363	
GROUP_TEMPLE_NEIT	LEAVE_GATE_Y	FLOAT32	58	
GROUP_TEMPLE_NEIT	LEAVE_GATE_Z	FLOAT32	3486	
GROUP_TEMPLE_NEIT	LEAVE_GATE_TARGAET_REGION	INT32	-32752	
GROUP_TEMPLE_NEIT	LEAVE_GATE_TARGAET_X	FLOAT32	-3047	
GROUP_TEMPLE_NEIT	LEAVE_GATE_TARGAET_Y	FLOAT32	67	
GROUP_TEMPLE_NEIT	LEAVE_GATE_TARGAET_Z	FLOAT32	3481	
GROUP_TEMPLE_ANUB	ENTER_GATE_REGION	INT32	-32752	
GROUP_TEMPLE_ANUB	ENTER_GATE_X	FLOAT32	292	
GROUP_TEMPLE_ANUB	ENTER_GATE_Y	FLOAT32	41	
GROUP_TEMPLE_ANUB	ENTER_GATE_Z	FLOAT32	-2018	
GROUP_TEMPLE_ANUB	ENTER_GATE_TARGAET_REGION	INT32	-32756	
GROUP_TEMPLE_ANUB	ENTER_GATE_TARGAET_X	FLOAT32	292	
GROUP_TEMPLE_ANUB	ENTER_GATE_TARGAET_Y	FLOAT32	31	
GROUP_TEMPLE_ANUB	ENTER_GATE_TARGAET_Z	FLOAT32	-2438	
GROUP_TEMPLE_ANUB	LEAVE_GATE_REGION	INT32	-32756	
GROUP_TEMPLE_ANUB	LEAVE_GATE_X	FLOAT32	292	
GROUP_TEMPLE_ANUB	LEAVE_GATE_Y	FLOAT32	58	
GROUP_TEMPLE_ANUB	LEAVE_GATE_Z	FLOAT32	-2249	
GROUP_TEMPLE_ANUB	LEAVE_GATE_TARGAET_REGION	INT32	-32752	
GROUP_TEMPLE_ANUB	LEAVE_GATE_TARGAET_X	FLOAT32	289	
GROUP_TEMPLE_ANUB	LEAVE_GATE_TARGAET_Y	FLOAT32	41	
GROUP_TEMPLE_ANUB	LEAVE_GATE_TARGAET_Z	FLOAT32	-1949	
GROUP_TEMPLE_ISIS	ENTER_GATE_REGION	INT32	-32752	
GROUP_TEMPLE_ISIS	ENTER_GATE_X	FLOAT32	1472	
GROUP_TEMPLE_ISIS	ENTER_GATE_Y	FLOAT32	40	
GROUP_TEMPLE_ISIS	ENTER_GATE_Z	FLOAT32	-955	
GROUP_TEMPLE_ISIS	ENTER_GATE_TARGAET_REGION	INT32	-32755	
GROUP_TEMPLE_ISIS	ENTER_GATE_TARGAET_X	FLOAT32	1926	
GROUP_TEMPLE_ISIS	ENTER_GATE_TARGAET_Y	FLOAT32	31	
GROUP_TEMPLE_ISIS	ENTER_GATE_TARGAET_Z	FLOAT32	-952	
GROUP_TEMPLE_ISIS	LEAVE_GATE_REGION	INT32	-32755	
GROUP_TEMPLE_ISIS	LEAVE_GATE_X	FLOAT32	1720	
GROUP_TEMPLE_ISIS	LEAVE_GATE_Y	FLOAT32	57	
GROUP_TEMPLE_ISIS	LEAVE_GATE_Z	FLOAT32	-963	
GROUP_TEMPLE_ISIS	LEAVE_GATE_TARGAET_REGION	INT32	-32752	
GROUP_TEMPLE_ISIS	LEAVE_GATE_TARGAET_X	FLOAT32	1384	
GROUP_TEMPLE_ISIS	LEAVE_GATE_TARGAET_Y	FLOAT32	41	
GROUP_TEMPLE_ISIS	LEAVE_GATE_TARGAET_Z	FLOAT32	-950	
GROUP_TEMPLE_HARO	ENTER_GATE_REGION	INT32	-32752	
GROUP_TEMPLE_HARO	ENTER_GATE_X	FLOAT32	7770	
GROUP_TEMPLE_HARO	ENTER_GATE_Y	FLOAT32	112	
GROUP_TEMPLE_HARO	ENTER_GATE_Z	FLOAT32	26	
GROUP_TEMPLE_HARO	ENTER_GATE_TARGAET_REGION	INT32	-32754	
GROUP_TEMPLE_HARO	ENTER_GATE_TARGAET_X	FLOAT32	8240	
GROUP_TEMPLE_HARO	ENTER_GATE_TARGAET_Y	FLOAT32	102	
GROUP_TEMPLE_HARO	ENTER_GATE_TARGAET_Z	FLOAT32	37	
GROUP_TEMPLE_HARO	LEAVE_GATE_REGION	INT32	-32754	
GROUP_TEMPLE_HARO	LEAVE_GATE_X	FLOAT32	7986	
GROUP_TEMPLE_HARO	LEAVE_GATE_Y	FLOAT32	128	
GROUP_TEMPLE_HARO	LEAVE_GATE_Z	FLOAT32	25	
GROUP_TEMPLE_HARO	LEAVE_GATE_TARGAET_REGION	INT32	-32752	
GROUP_TEMPLE_HARO	LEAVE_GATE_TARGAET_X	FLOAT32	7696	
GROUP_TEMPLE_HARO	LEAVE_GATE_TARGAET_Y	FLOAT32	112	
GROUP_TEMPLE_HARO	LEAVE_GATE_TARGAET_Z	FLOAT32	26	
GROUP_TEMPLE_SETH	ENTER_GATE_REGION	INT32	-32754	
GROUP_TEMPLE_SETH	ENTER_GATE_X	FLOAT32	9384	
GROUP_TEMPLE_SETH	ENTER_GATE_Y	FLOAT32	102	
GROUP_TEMPLE_SETH	ENTER_GATE_Z	FLOAT32	23	
GROUP_TEMPLE_SETH	ENTER_GATE_TARGAET_REGION	INT32	-32753	
GROUP_TEMPLE_SETH	ENTER_GATE_TARGAET_X	FLOAT32	4	
GROUP_TEMPLE_SETH	ENTER_GATE_TARGAET_Y	FLOAT32	-143	
GROUP_TEMPLE_SETH	ENTER_GATE_TARGAET_Z	FLOAT32	-815	
GROUP_TEMPLE_SETH	LEAVE_GATE_REGION	INT32	-32753	
GROUP_TEMPLE_SETH	LEAVE_GATE_X	FLOAT32	8	
GROUP_TEMPLE_SETH	LEAVE_GATE_Y	FLOAT32	-143	
GROUP_TEMPLE_SETH	LEAVE_GATE_Z	FLOAT32	-948	
GROUP_TEMPLE_SETH	LEAVE_GATE_TARGAET_REGION	INT32	-32752	
GROUP_TEMPLE_SETH	LEAVE_GATE_TARGAET_X	FLOAT32	7696	
GROUP_TEMPLE_SETH	LEAVE_GATE_TARGAET_Y	FLOAT32	112	
GROUP_TEMPLE_SETH	LEAVE_GATE_TARGAET_Z	FLOAT32	26	
GROUP_QINSHI_FLOOR_5	GAMEWORLD_DISAPPEARANCE_TIME	INT32	3600000	
GROUP_QINSHI_FLOOR_5	GAMEWORLD_DISAPPEARANCE_TIME	INT32	1800000	
GROUP_QINSHI_FLOOR_5	GAMEWORLD_DISAPPEARANCE_TIME	INT32	600000	
GROUP_QINSHI_FLOOR_5	GAMEWORLD_DISAPPEARANCE_TIME	INT32	300000	
GROUP_QINSHI_FLOOR_6	GAMEWORLD_DISAPPEARANCE_TIME	INT32	3600000	
GROUP_QINSHI_FLOOR_6	GAMEWORLD_DISAPPEARANCE_TIME	INT32	1800000	
GROUP_QINSHI_FLOOR_6	GAMEWORLD_DISAPPEARANCE_TIME	INT32	600000	
GROUP_QINSHI_FLOOR_6	GAMEWORLD_DISAPPEARANCE_TIME	INT32	300000	
GROUP_TEMPLE_DEFAULT	USER_COUNTING_ON_TEMPLE_ASSOCIATION	STRING	ON	
GROUP_TEMPLE_SELK	USER_COUNTING_ON_TEMPLE_ASSOCIATION	STRING	ON	
GROUP_TEMPLE_NEIT	USER_COUNTING_ON_TEMPLE_ASSOCIATION	STRING	ON	
GROUP_TEMPLE_ANUB	USER_COUNTING_ON_TEMPLE_ASSOCIATION	STRING	ON	
GROUP_TEMPLE_ISIS	USER_COUNTING_ON_TEMPLE_ASSOCIATION	STRING	ON	
GROUP_TEMPLE_HARO	USER_COUNTING_ON_TEMPLE_ASSOCIATION	STRING	ON	
GROUP_TEMPLE_SETH	USER_COUNTING_ON_TEMPLE_ASSOCIATION	STRING	ON	
GROUP_TEMPLE_DEFAULT	TRADE_CONFLICT_GENERAL_STATE_EXP_RATIO	FLOAT32	1	
GROUP_TEMPLE_SELK	TRADE_CONFLICT_GENERAL_STATE_EXP_RATIO	FLOAT32	1	
GROUP_TEMPLE_NEIT	TRADE_CONFLICT_GENERAL_STATE_EXP_RATIO	FLOAT32	1	
GROUP_TEMPLE_ANUB	TRADE_CONFLICT_GENERAL_STATE_EXP_RATIO	FLOAT32	1	
GROUP_TEMPLE_ISIS	TRADE_CONFLICT_GENERAL_STATE_EXP_RATIO	FLOAT32	1	
GROUP_TEMPLE_HARO	TRADE_CONFLICT_GENERAL_STATE_EXP_RATIO	FLOAT32	1	
GROUP_TEMPLE_SETH	TRADE_CONFLICT_GENERAL_STATE_EXP_RATIO	FLOAT32	1	
GROUP_TEMPLE_SELK	FAILED_ENTER_WORLD_TO_SPECIAL_TARGET_SWITCH	STRING	ON	
GROUP_TEMPLE_SELK	FAILED_ENTER_WORLD_TO_SPECIAL_TARGET_GAMEWORLD_THIEF	STRING	INS_DEFAULT	
GROUP_TEMPLE_SELK	FAILED_ENTER_WORLD_TO_SPECIAL_TARGET_REGION_THIEF	INT32	21067	
GROUP_TEMPLE_SELK	FAILED_ENTER_WORLD_TO_SPECIAL_TARGET_POSX_THIEF	FLOAT32	815	
GROUP_TEMPLE_SELK	FAILED_ENTER_WORLD_TO_SPECIAL_TARGET_POSY_THIEF	FLOAT32	20	
GROUP_TEMPLE_SELK	FAILED_ENTER_WORLD_TO_SPECIAL_TARGET_POSZ_THIEF	FLOAT32	574	
GROUP_TEMPLE_SELK	FAILED_ENTER_WORLD_TO_SPECIAL_TARGET_GAMEWORLD_MERCHANT_HUNTER	STRING	INS_DEFAULT	
GROUP_TEMPLE_SELK	FAILED_ENTER_WORLD_TO_SPECIAL_TARGET_REGION_MERCHANT_HUNTER	INT32	22347	
GROUP_TEMPLE_SELK	FAILED_ENTER_WORLD_TO_SPECIAL_TARGET_POSX_MERCHANT_HUNTER	FLOAT32	965	
GROUP_TEMPLE_SELK	FAILED_ENTER_WORLD_TO_SPECIAL_TARGET_POSY_MERCHANT_HUNTER	FLOAT32	49	
GROUP_TEMPLE_SELK	FAILED_ENTER_WORLD_TO_SPECIAL_TARGET_POSZ_MERCHANT_HUNTER	FLOAT32	423	
GROUP_TEMPLE_NEIT	FAILED_ENTER_WORLD_TO_SPECIAL_TARGET_SWITCH	STRING	ON	
GROUP_TEMPLE_NEIT	FAILED_ENTER_WORLD_TO_SPECIAL_TARGET_GAMEWORLD_THIEF	STRING	INS_DEFAULT	
GROUP_TEMPLE_NEIT	FAILED_ENTER_WORLD_TO_SPECIAL_TARGET_REGION_THIEF	INT32	21067	
GROUP_TEMPLE_NEIT	FAILED_ENTER_WORLD_TO_SPECIAL_TARGET_POSX_THIEF	FLOAT32	815	
GROUP_TEMPLE_NEIT	FAILED_ENTER_WORLD_TO_SPECIAL_TARGET_POSY_THIEF	FLOAT32	20	
GROUP_TEMPLE_NEIT	FAILED_ENTER_WORLD_TO_SPECIAL_TARGET_POSZ_THIEF	FLOAT32	574	
GROUP_TEMPLE_NEIT	FAILED_ENTER_WORLD_TO_SPECIAL_TARGET_GAMEWORLD_MERCHANT_HUNTER	STRING	INS_DEFAULT	
GROUP_TEMPLE_NEIT	FAILED_ENTER_WORLD_TO_SPECIAL_TARGET_REGION_MERCHANT_HUNTER	INT32	22347	
GROUP_TEMPLE_NEIT	FAILED_ENTER_WORLD_TO_SPECIAL_TARGET_POSX_MERCHANT_HUNTER	FLOAT32	965	
GROUP_TEMPLE_NEIT	FAILED_ENTER_WORLD_TO_SPECIAL_TARGET_POSY_MERCHANT_HUNTER	FLOAT32	49	
GROUP_TEMPLE_NEIT	FAILED_ENTER_WORLD_TO_SPECIAL_TARGET_POSZ_MERCHANT_HUNTER	FLOAT32	423	
GROUP_TEMPLE_ANUB	FAILED_ENTER_WORLD_TO_SPECIAL_TARGET_SWITCH	STRING	ON	
GROUP_TEMPLE_ANUB	FAILED_ENTER_WORLD_TO_SPECIAL_TARGET_GAMEWORLD_THIEF	STRING	INS_DEFAULT	
GROUP_TEMPLE_ANUB	FAILED_ENTER_WORLD_TO_SPECIAL_TARGET_REGION_THIEF	INT32	21067	
GROUP_TEMPLE_ANUB	FAILED_ENTER_WORLD_TO_SPECIAL_TARGET_POSX_THIEF	FLOAT32	815	
GROUP_TEMPLE_ANUB	FAILED_ENTER_WORLD_TO_SPECIAL_TARGET_POSY_THIEF	FLOAT32	20	
GROUP_TEMPLE_ANUB	FAILED_ENTER_WORLD_TO_SPECIAL_TARGET_POSZ_THIEF	FLOAT32	574	
GROUP_TEMPLE_ANUB	FAILED_ENTER_WORLD_TO_SPECIAL_TARGET_GAMEWORLD_MERCHANT_HUNTER	STRING	INS_DEFAULT	
GROUP_TEMPLE_ANUB	FAILED_ENTER_WORLD_TO_SPECIAL_TARGET_REGION_MERCHANT_HUNTER	INT32	22347	
GROUP_TEMPLE_ANUB	FAILED_ENTER_WORLD_TO_SPECIAL_TARGET_POSX_MERCHANT_HUNTER	FLOAT32	965	
GROUP_TEMPLE_ANUB	FAILED_ENTER_WORLD_TO_SPECIAL_TARGET_POSY_MERCHANT_HUNTER	FLOAT32	49	
GROUP_TEMPLE_ANUB	FAILED_ENTER_WORLD_TO_SPECIAL_TARGET_POSZ_MERCHANT_HUNTER	FLOAT32	423	
GROUP_TEMPLE_ISIS	FAILED_ENTER_WORLD_TO_SPECIAL_TARGET_SWITCH	STRING	ON	
GROUP_TEMPLE_ISIS	FAILED_ENTER_WORLD_TO_SPECIAL_TARGET_GAMEWORLD_THIEF	STRING	INS_DEFAULT	
GROUP_TEMPLE_ISIS	FAILED_ENTER_WORLD_TO_SPECIAL_TARGET_REGION_THIEF	INT32	21067	
GROUP_TEMPLE_ISIS	FAILED_ENTER_WORLD_TO_SPECIAL_TARGET_POSX_THIEF	FLOAT32	815	
GROUP_TEMPLE_ISIS	FAILED_ENTER_WORLD_TO_SPECIAL_TARGET_POSY_THIEF	FLOAT32	20	
GROUP_TEMPLE_ISIS	FAILED_ENTER_WORLD_TO_SPECIAL_TARGET_POSZ_THIEF	FLOAT32	574	
GROUP_TEMPLE_ISIS	FAILED_ENTER_WORLD_TO_SPECIAL_TARGET_GAMEWORLD_MERCHANT_HUNTER	STRING	INS_DEFAULT	
GROUP_TEMPLE_ISIS	FAILED_ENTER_WORLD_TO_SPECIAL_TARGET_REGION_MERCHANT_HUNTER	INT32	22347	
GROUP_TEMPLE_ISIS	FAILED_ENTER_WORLD_TO_SPECIAL_TARGET_POSX_MERCHANT_HUNTER	FLOAT32	965	
GROUP_TEMPLE_ISIS	FAILED_ENTER_WORLD_TO_SPECIAL_TARGET_POSY_MERCHANT_HUNTER	FLOAT32	49	
GROUP_TEMPLE_ISIS	FAILED_ENTER_WORLD_TO_SPECIAL_TARGET_POSZ_MERCHANT_HUNTER	FLOAT32	423	
GROUP_TEMPLE_HARO	FAILED_ENTER_WORLD_TO_SPECIAL_TARGET_SWITCH	STRING	ON	
GROUP_TEMPLE_HARO	FAILED_ENTER_WORLD_TO_SPECIAL_TARGET_GAMEWORLD_THIEF	STRING	INS_DEFAULT	
GROUP_TEMPLE_HARO	FAILED_ENTER_WORLD_TO_SPECIAL_TARGET_REGION_THIEF	INT32	21067	
GROUP_TEMPLE_HARO	FAILED_ENTER_WORLD_TO_SPECIAL_TARGET_POSX_THIEF	FLOAT32	815	
GROUP_TEMPLE_HARO	FAILED_ENTER_WORLD_TO_SPECIAL_TARGET_POSY_THIEF	FLOAT32	20	
GROUP_TEMPLE_HARO	FAILED_ENTER_WORLD_TO_SPECIAL_TARGET_POSZ_THIEF	FLOAT32	574	
GROUP_TEMPLE_HARO	FAILED_ENTER_WORLD_TO_SPECIAL_TARGET_GAMEWORLD_MERCHANT_HUNTER	STRING	INS_DEFAULT	
GROUP_TEMPLE_HARO	FAILED_ENTER_WORLD_TO_SPECIAL_TARGET_REGION_MERCHANT_HUNTER	INT32	22347	
GROUP_TEMPLE_HARO	FAILED_ENTER_WORLD_TO_SPECIAL_TARGET_POSX_MERCHANT_HUNTER	FLOAT32	965	
GROUP_TEMPLE_HARO	FAILED_ENTER_WORLD_TO_SPECIAL_TARGET_POSY_MERCHANT_HUNTER	FLOAT32	49	
GROUP_TEMPLE_HARO	FAILED_ENTER_WORLD_TO_SPECIAL_TARGET_POSZ_MERCHANT_HUNTER	FLOAT32	423	
GROUP_TEMPLE_SETH	FAILED_ENTER_WORLD_TO_SPECIAL_TARGET_SWITCH	STRING	ON	
GROUP_TEMPLE_SETH	FAILED_ENTER_WORLD_TO_SPECIAL_TARGET_GAMEWORLD_THIEF	STRING	INS_DEFAULT	
GROUP_TEMPLE_SETH	FAILED_ENTER_WORLD_TO_SPECIAL_TARGET_REGION_THIEF	INT32	21067	
GROUP_TEMPLE_SETH	FAILED_ENTER_WORLD_TO_SPECIAL_TARGET_POSX_THIEF	FLOAT32	815	
GROUP_TEMPLE_SETH	FAILED_ENTER_WORLD_TO_SPECIAL_TARGET_POSY_THIEF	FLOAT32	20	
GROUP_TEMPLE_SETH	FAILED_ENTER_WORLD_TO_SPECIAL_TARGET_POSZ_THIEF	FLOAT32	574	
GROUP_TEMPLE_SETH	FAILED_ENTER_WORLD_TO_SPECIAL_TARGET_GAMEWORLD_MERCHANT_HUNTER	STRING	INS_DEFAULT	
GROUP_TEMPLE_SETH	FAILED_ENTER_WORLD_TO_SPECIAL_TARGET_REGION_MERCHANT_HUNTER	INT32	22347	
GROUP_TEMPLE_SETH	FAILED_ENTER_WORLD_TO_SPECIAL_TARGET_POSX_MERCHANT_HUNTER	FLOAT32	965	
GROUP_TEMPLE_SETH	FAILED_ENTER_WORLD_TO_SPECIAL_TARGET_POSY_MERCHANT_HUNTER	FLOAT32	49	
GROUP_TEMPLE_SETH	FAILED_ENTER_WORLD_TO_SPECIAL_TARGET_POSZ_MERCHANT_HUNTER	FLOAT32	423	
GROUP_TEMPLE_DEFAULT	FAILED_ENTER_WORLD_TO_SPECIAL_TARGET_SWITCH	STRING	ON	
GROUP_TEMPLE_DEFAULT	FAILED_ENTER_WORLD_TO_SPECIAL_TARGET_GAMEWORLD_THIEF	STRING	INS_DEFAULT	
GROUP_TEMPLE_DEFAULT	FAILED_ENTER_WORLD_TO_SPECIAL_TARGET_REGION_THIEF	INT32	21067	
GROUP_TEMPLE_DEFAULT	FAILED_ENTER_WORLD_TO_SPECIAL_TARGET_POSX_THIEF	FLOAT32	815	
GROUP_TEMPLE_DEFAULT	FAILED_ENTER_WORLD_TO_SPECIAL_TARGET_POSY_THIEF	FLOAT32	20	
GROUP_TEMPLE_DEFAULT	FAILED_ENTER_WORLD_TO_SPECIAL_TARGET_POSZ_THIEF	FLOAT32	574	
GROUP_TEMPLE_DEFAULT	FAILED_ENTER_WORLD_TO_SPECIAL_TARGET_GAMEWORLD_MERCHANT_HUNTER	STRING	INS_DEFAULT	
GROUP_TEMPLE_DEFAULT	FAILED_ENTER_WORLD_TO_SPECIAL_TARGET_REGION_MERCHANT_HUNTER	INT32	22347	
GROUP_TEMPLE_DEFAULT	FAILED_ENTER_WORLD_TO_SPECIAL_TARGET_POSX_MERCHANT_HUNTER	FLOAT32	965	
GROUP_TEMPLE_DEFAULT	FAILED_ENTER_WORLD_TO_SPECIAL_TARGET_POSY_MERCHANT_HUNTER	FLOAT32	49	
GROUP_TEMPLE_DEFAULT	FAILED_ENTER_WORLD_TO_SPECIAL_TARGET_POSZ_MERCHANT_HUNTER	FLOAT32	423	
GROUP_SIEGE_DUNGEON	GAME_WORLD_NORMALIZE_TYPE	STRING	GAME_WORLD_NORMALIZE_TYPE_A	
GROUP_SIEGE_DUNGEON	ENTER_GATE_TARGAET_REGION	INT32	-32751	
GROUP_SIEGE_DUNGEON	ENTER_GATE_TARGAET_X	FLOAT32	1011	
GROUP_SIEGE_DUNGEON	ENTER_GATE_TARGAET_Y	FLOAT32	0	
GROUP_SIEGE_DUNGEON	ENTER_GATE_TARGAET_Z	FLOAT32	-862	
GROUP_SIEGE_DUNGEON	ENTER_LIMIT_CONDITION_FRPVP_VOUCHER_TAKE_OFF	STRING	ON	
GROUP_SIEGE_DUNGEON	ENTER_LIMIT_CONDITION_JOB_CLOTHES_TAKE_OFF	STRING	ON	
GROUP_SIEGE_DUNGEON	ENTER_LIMIT_CONDITION_RIDE_COS_NOT_RIDING	STRING	ON	
GROUP_SIEGE_DUNGEON	ENTER_LIMIT_CONDITION_TRADE_COS_NOT_RIDING	STRING	ON	
GROUP_SIEGE_DUNGEON	CONTROL_NOTIFY_SPAWN_UNIQUE_MONSTER_MSG	STRING	ON	
GROUP_SIEGE_DUNGEON	DO_NOT_SPAWN_MONSTER_OVER_MAX_SERVICE_LEVEL	STRING	ON	
GROUP_SIEGE_DUNGEON	ENTERWORLD_LIMIT_CONDITION_FLEAMARKET	STRING	ON	
GROUP_SIEGE_DUNGEON	GAMEWORLD_DISAPPEARANCE_TIME	INT32	600000	
GROUP_SIEGE_DUNGEON	GAMEWORLD_DISAPPEARANCE_TIME	INT32	300000	
GROUP_SIEGE_DUNGEON	GAMEWORLD_DISAPPEARANCE_TIME	INT32	60000	
GROUP_ARENA_GNGWC	REF_TELEPORT_BATTLE_ARENA_A_GATE	STRING	GATE_ARENA_GNGWC_A_GATE	
GROUP_ARENA_GNGWC	REF_TELEPORT_BATTLE_ARENA_B_GATE	STRING	GATE_ARENA_GNGWC_B_GATE	
GROUP_ARENA_GNGWC	REF_TELEPORT_BATTLE_ARENA_C_GATE	STRING	GATE_ARENA_GNGWC_C_GATE	
GROUP_ARENA_GNGWC	REF_TELEPORT_BATTLE_ARENA_D_GATE	STRING	GATE_ARENA_GNGWC_D_GATE	
GROUP_EVENT_GHOST	REF_TELEPORT_BATTLE_ARENA_A_GATE	STRING	GATE_ARENA_EVENT_GHOST_A_GATE	
GROUP_EVENT_GHOST	REF_TELEPORT_BATTLE_ARENA_B_GATE	STRING	GATE_ARENA_EVENT_GHOST_B_GATE	
GROUP_GOD_TOGUI_35_50_LEVEL_1	GAME_WORLD_NORMALIZE_TYPE	STRING	GAME_WORLD_NORMALIZE_TYPE_A	
GROUP_GOD_TOGUI_35_50_LEVEL_2	GAME_WORLD_NORMALIZE_TYPE	STRING	GAME_WORLD_NORMALIZE_TYPE_A	
GROUP_GOD_TOGUI_51_60_LEVEL_1	GAME_WORLD_NORMALIZE_TYPE	STRING	GAME_WORLD_NORMALIZE_TYPE_A	
GROUP_GOD_TOGUI_51_60_LEVEL_2	GAME_WORLD_NORMALIZE_TYPE	STRING	GAME_WORLD_NORMALIZE_TYPE_A	
GROUP_GOD_TOGUI_61_70_LEVEL_1	GAME_WORLD_NORMALIZE_TYPE	STRING	GAME_WORLD_NORMALIZE_TYPE_A	
GROUP_GOD_TOGUI_61_70_LEVEL_2	GAME_WORLD_NORMALIZE_TYPE	STRING	GAME_WORLD_NORMALIZE_TYPE_A	
GROUP_GOD_FLAME_71_80_LEVEL_1	GAME_WORLD_NORMALIZE_TYPE	STRING	GAME_WORLD_NORMALIZE_TYPE_A	
GROUP_GOD_FLAME_71_80_LEVEL_2	GAME_WORLD_NORMALIZE_TYPE	STRING	GAME_WORLD_NORMALIZE_TYPE_A	
GROUP_GOD_FLAME_71_80_LEVEL_3	GAME_WORLD_NORMALIZE_TYPE	STRING	GAME_WORLD_NORMALIZE_TYPE_A	
GROUP_GOD_FLAME_71_80_LEVEL_4	GAME_WORLD_NORMALIZE_TYPE	STRING	GAME_WORLD_NORMALIZE_TYPE_A	
GROUP_GOD_FLAME_81_90_LEVEL_1	GAME_WORLD_NORMALIZE_TYPE	STRING	GAME_WORLD_NORMALIZE_TYPE_A	
GROUP_GOD_FLAME_81_90_LEVEL_2	GAME_WORLD_NORMALIZE_TYPE	STRING	GAME_WORLD_NORMALIZE_TYPE_A	
GROUP_GOD_FLAME_81_90_LEVEL_3	GAME_WORLD_NORMALIZE_TYPE	STRING	GAME_WORLD_NORMALIZE_TYPE_A	
GROUP_GOD_FLAME_81_90_LEVEL_4	GAME_WORLD_NORMALIZE_TYPE	STRING	GAME_WORLD_NORMALIZE_TYPE_A	
GROUP_GOD_WRECK_IN_91_100_LEVEL_1	GAME_WORLD_NORMALIZE_TYPE	STRING	GAME_WORLD_NORMALIZE_TYPE_A	
GROUP_GOD_WRECK_IN_91_100_LEVEL_2	GAME_WORLD_NORMALIZE_TYPE	STRING	GAME_WORLD_NORMALIZE_TYPE_A	
GROUP_GOD_WRECK_OUT_91_100_LEVEL_3	GAME_WORLD_NORMALIZE_TYPE	STRING	GAME_WORLD_NORMALIZE_TYPE_A	
GROUP_GOD_WRECK_OUT_91_100_LEVEL_4	GAME_WORLD_NORMALIZE_TYPE	STRING	GAME_WORLD_NORMALIZE_TYPE_A	
GROUP_GOD_WRECK_IN_100_110_LEVEL_1	GAME_WORLD_NORMALIZE_TYPE	STRING	GAME_WORLD_NORMALIZE_TYPE_A	
GROUP_GOD_WRECK_IN_100_110_LEVEL_2	GAME_WORLD_NORMALIZE_TYPE	STRING	GAME_WORLD_NORMALIZE_TYPE_A	
GROUP_GOD_WRECK_OUT_100_110_LEVEL_3	GAME_WORLD_NORMALIZE_TYPE	STRING	GAME_WORLD_NORMALIZE_TYPE_A	
GROUP_GOD_WRECK_OUT_100_110_LEVEL_4	GAME_WORLD_NORMALIZE_TYPE	STRING	GAME_WORLD_NORMALIZE_TYPE_A	
GROUP_GOD_TOGUI_35_50_LEVEL_1	ENTER_LIMIT_CONDITION_LEVEL_MINIMUM_NUM	INT32	35	
GROUP_GOD_TOGUI_35_50_LEVEL_1	ENTER_LIMIT_CONDITION_LEVEL_MAXIMUM_NUM	INT32	50	
GROUP_GOD_TOGUI_35_50_LEVEL_1	ENTER_LIMIT_CONDITION_JOB_CLOTHES_TAKE_OFF	STRING	ON	
GROUP_GOD_TOGUI_35_50_LEVEL_1	ENTER_LIMIT_CONDITION_RIDE_COS_NOT_RIDING	STRING	ON	
GROUP_GOD_TOGUI_35_50_LEVEL_1	ENTER_LIMIT_CONDITION_TRADE_COS_NOT_RIDING	STRING	ON	
GROUP_GOD_TOGUI_35_50_LEVEL_1	PARTYMONSTER_SPAWN	STRING	OFF	
GROUP_GOD_TOGUI_35_50_LEVEL_1	ENTER_LIMIT_CONDITION_FRPVP_VOUCHER_TAKE_OFF	STRING	ON	
GROUP_GOD_TOGUI_35_50_LEVEL_1	MAX_SQUAD_MEMBER_COUNT	INT32	30	
GROUP_GOD_TOGUI_35_50_LEVEL_1	CONTROL_NOTIFY_SPAWN_UNIQUE_MONSTER_MSG	STRING	ON	
GROUP_GOD_TOGUI_35_50_LEVEL_1	GAMEWORLD_DISAPPEARANCE_TIME	INT32	3600000	
GROUP_GOD_TOGUI_35_50_LEVEL_1	GAMEWORLD_DISAPPEARANCE_TIME	INT32	600000	
GROUP_GOD_TOGUI_35_50_LEVEL_1	GAMEWORLD_DISAPPEARANCE_TIME	INT32	300000	
GROUP_GOD_TOGUI_35_50_LEVEL_2	ENTER_LIMIT_CONDITION_LEVEL_MINIMUM_NUM	INT32	35	
GROUP_GOD_TOGUI_35_50_LEVEL_2	ENTER_LIMIT_CONDITION_LEVEL_MAXIMUM_NUM	INT32	50	
GROUP_GOD_TOGUI_35_50_LEVEL_2	ENTER_LIMIT_CONDITION_JOB_CLOTHES_TAKE_OFF	STRING	ON	
GROUP_GOD_TOGUI_35_50_LEVEL_2	ENTER_LIMIT_CONDITION_RIDE_COS_NOT_RIDING	STRING	ON	
GROUP_GOD_TOGUI_35_50_LEVEL_2	ENTER_LIMIT_CONDITION_TRADE_COS_NOT_RIDING	STRING	ON	
GROUP_GOD_TOGUI_35_50_LEVEL_2	PARTYMONSTER_SPAWN	STRING	OFF	
GROUP_GOD_TOGUI_35_50_LEVEL_2	ENTER_LIMIT_CONDITION_FRPVP_VOUCHER_TAKE_OFF	STRING	ON	
GROUP_GOD_TOGUI_35_50_LEVEL_2	MAX_SQUAD_MEMBER_COUNT	INT32	30	
GROUP_GOD_TOGUI_35_50_LEVEL_2	CONTROL_NOTIFY_SPAWN_UNIQUE_MONSTER_MSG	STRING	ON	
GROUP_GOD_TOGUI_35_50_LEVEL_2	GAMEWORLD_DISAPPEARANCE_TIME	INT32	3600000	
GROUP_GOD_TOGUI_35_50_LEVEL_2	GAMEWORLD_DISAPPEARANCE_TIME	INT32	600000	
GROUP_GOD_TOGUI_35_50_LEVEL_2	GAMEWORLD_DISAPPEARANCE_TIME	INT32	300000	
GROUP_GOD_TOGUI_51_60_LEVEL_1	ENTER_LIMIT_CONDITION_LEVEL_MINIMUM_NUM	INT32	51	
GROUP_GOD_TOGUI_51_60_LEVEL_1	ENTER_LIMIT_CONDITION_LEVEL_MAXIMUM_NUM	INT32	60	
GROUP_GOD_TOGUI_51_60_LEVEL_1	ENTER_LIMIT_CONDITION_JOB_CLOTHES_TAKE_OFF	STRING	ON	
GROUP_GOD_TOGUI_51_60_LEVEL_1	ENTER_LIMIT_CONDITION_RIDE_COS_NOT_RIDING	STRING	ON	
GROUP_GOD_TOGUI_51_60_LEVEL_1	ENTER_LIMIT_CONDITION_TRADE_COS_NOT_RIDING	STRING	ON	
GROUP_GOD_TOGUI_51_60_LEVEL_1	PARTYMONSTER_SPAWN	STRING	OFF	
GROUP_GOD_TOGUI_51_60_LEVEL_1	ENTER_LIMIT_CONDITION_FRPVP_VOUCHER_TAKE_OFF	STRING	ON	
GROUP_GOD_TOGUI_51_60_LEVEL_1	MAX_SQUAD_MEMBER_COUNT	INT32	30	
GROUP_GOD_TOGUI_51_60_LEVEL_1	CONTROL_NOTIFY_SPAWN_UNIQUE_MONSTER_MSG	STRING	ON	
GROUP_GOD_TOGUI_51_60_LEVEL_1	GAMEWORLD_DISAPPEARANCE_TIME	INT32	3600000	
GROUP_GOD_TOGUI_51_60_LEVEL_1	GAMEWORLD_DISAPPEARANCE_TIME	INT32	600000	
GROUP_GOD_TOGUI_51_60_LEVEL_1	GAMEWORLD_DISAPPEARANCE_TIME	INT32	300000	
GROUP_GOD_TOGUI_51_60_LEVEL_2	ENTER_LIMIT_CONDITION_LEVEL_MINIMUM_NUM	INT32	51	
GROUP_GOD_TOGUI_51_60_LEVEL_2	ENTER_LIMIT_CONDITION_LEVEL_MAXIMUM_NUM	INT32	60	
GROUP_GOD_TOGUI_51_60_LEVEL_2	ENTER_LIMIT_CONDITION_JOB_CLOTHES_TAKE_OFF	STRING	ON	
GROUP_GOD_TOGUI_51_60_LEVEL_2	ENTER_LIMIT_CONDITION_RIDE_COS_NOT_RIDING	STRING	ON	
GROUP_GOD_TOGUI_51_60_LEVEL_2	ENTER_LIMIT_CONDITION_TRADE_COS_NOT_RIDING	STRING	ON	
GROUP_GOD_TOGUI_51_60_LEVEL_2	PARTYMONSTER_SPAWN	STRING	OFF	
GROUP_GOD_TOGUI_51_60_LEVEL_2	ENTER_LIMIT_CONDITION_FRPVP_VOUCHER_TAKE_OFF	STRING	ON	
GROUP_GOD_TOGUI_51_60_LEVEL_2	MAX_SQUAD_MEMBER_COUNT	INT32	30	
GROUP_GOD_TOGUI_51_60_LEVEL_2	CONTROL_NOTIFY_SPAWN_UNIQUE_MONSTER_MSG	STRING	ON	
GROUP_GOD_TOGUI_51_60_LEVEL_2	GAMEWORLD_DISAPPEARANCE_TIME	INT32	3600000	
GROUP_GOD_TOGUI_51_60_LEVEL_2	GAMEWORLD_DISAPPEARANCE_TIME	INT32	600000	
GROUP_GOD_TOGUI_51_60_LEVEL_2	GAMEWORLD_DISAPPEARANCE_TIME	INT32	300000	
GROUP_GOD_TOGUI_61_70_LEVEL_1	ENTER_LIMIT_CONDITION_LEVEL_MINIMUM_NUM	INT32	61	
GROUP_GOD_TOGUI_61_70_LEVEL_1	ENTER_LIMIT_CONDITION_LEVEL_MAXIMUM_NUM	INT32	70	
GROUP_GOD_TOGUI_61_70_LEVEL_1	ENTER_LIMIT_CONDITION_JOB_CLOTHES_TAKE_OFF	STRING	ON	
GROUP_GOD_TOGUI_61_70_LEVEL_1	ENTER_LIMIT_CONDITION_RIDE_COS_NOT_RIDING	STRING	ON	
GROUP_GOD_TOGUI_61_70_LEVEL_1	ENTER_LIMIT_CONDITION_TRADE_COS_NOT_RIDING	STRING	ON	
GROUP_GOD_TOGUI_61_70_LEVEL_1	PARTYMONSTER_SPAWN	STRING	OFF	
GROUP_GOD_TOGUI_61_70_LEVEL_1	ENTER_LIMIT_CONDITION_FRPVP_VOUCHER_TAKE_OFF	STRING	ON	
GROUP_GOD_TOGUI_61_70_LEVEL_1	MAX_SQUAD_MEMBER_COUNT	INT32	30	
GROUP_GOD_TOGUI_61_70_LEVEL_1	CONTROL_NOTIFY_SPAWN_UNIQUE_MONSTER_MSG	STRING	ON	
GROUP_GOD_TOGUI_61_70_LEVEL_1	GAMEWORLD_DISAPPEARANCE_TIME	INT32	3600000	
GROUP_GOD_TOGUI_61_70_LEVEL_1	GAMEWORLD_DISAPPEARANCE_TIME	INT32	600000	
GROUP_GOD_TOGUI_61_70_LEVEL_1	GAMEWORLD_DISAPPEARANCE_TIME	INT32	300000	
GROUP_GOD_TOGUI_61_70_LEVEL_2	ENTER_LIMIT_CONDITION_LEVEL_MINIMUM_NUM	INT32	61	
GROUP_GOD_TOGUI_61_70_LEVEL_2	ENTER_LIMIT_CONDITION_LEVEL_MAXIMUM_NUM	INT32	70	
GROUP_GOD_TOGUI_61_70_LEVEL_2	ENTER_LIMIT_CONDITION_JOB_CLOTHES_TAKE_OFF	STRING	ON	
GROUP_GOD_TOGUI_61_70_LEVEL_2	ENTER_LIMIT_CONDITION_RIDE_COS_NOT_RIDING	STRING	ON	
GROUP_GOD_TOGUI_61_70_LEVEL_2	ENTER_LIMIT_CONDITION_TRADE_COS_NOT_RIDING	STRING	ON	
GROUP_GOD_TOGUI_61_70_LEVEL_2	PARTYMONSTER_SPAWN	STRING	OFF	
GROUP_GOD_TOGUI_61_70_LEVEL_2	ENTER_LIMIT_CONDITION_FRPVP_VOUCHER_TAKE_OFF	STRING	ON	
GROUP_GOD_TOGUI_61_70_LEVEL_2	MAX_SQUAD_MEMBER_COUNT	INT32	30	
GROUP_GOD_TOGUI_61_70_LEVEL_2	CONTROL_NOTIFY_SPAWN_UNIQUE_MONSTER_MSG	STRING	ON	
GROUP_GOD_TOGUI_61_70_LEVEL_2	GAMEWORLD_DISAPPEARANCE_TIME	INT32	3600000	
GROUP_GOD_TOGUI_61_70_LEVEL_2	GAMEWORLD_DISAPPEARANCE_TIME	INT32	600000	
GROUP_GOD_TOGUI_61_70_LEVEL_2	GAMEWORLD_DISAPPEARANCE_TIME	INT32	300000	
GROUP_GOD_FLAME_71_80_LEVEL_1	ENTER_LIMIT_CONDITION_LEVEL_MINIMUM_NUM	INT32	71	
GROUP_GOD_FLAME_71_80_LEVEL_1	ENTER_LIMIT_CONDITION_LEVEL_MAXIMUM_NUM	INT32	80	
GROUP_GOD_FLAME_71_80_LEVEL_1	ENTER_LIMIT_CONDITION_JOB_CLOTHES_TAKE_OFF	STRING	ON	
GROUP_GOD_FLAME_71_80_LEVEL_1	ENTER_LIMIT_CONDITION_RIDE_COS_NOT_RIDING	STRING	ON	
GROUP_GOD_FLAME_71_80_LEVEL_1	ENTER_LIMIT_CONDITION_TRADE_COS_NOT_RIDING	STRING	ON	
GROUP_GOD_FLAME_71_80_LEVEL_1	PARTYMONSTER_SPAWN	STRING	OFF	
GROUP_GOD_FLAME_71_80_LEVEL_1	ENTER_LIMIT_CONDITION_FRPVP_VOUCHER_TAKE_OFF	STRING	ON	
GROUP_GOD_FLAME_71_80_LEVEL_1	CONTROL_NOTIFY_SPAWN_UNIQUE_MONSTER_MSG	STRING	ON	
GROUP_GOD_FLAME_71_80_LEVEL_1	GAMEWORLD_DISAPPEARANCE_TIME	INT32	3600000	
GROUP_GOD_FLAME_71_80_LEVEL_1	GAMEWORLD_DISAPPEARANCE_TIME	INT32	600000	
GROUP_GOD_FLAME_71_80_LEVEL_1	GAMEWORLD_DISAPPEARANCE_TIME	INT32	300000	
GROUP_GOD_FLAME_71_80_LEVEL_2	ENTER_LIMIT_CONDITION_LEVEL_MINIMUM_NUM	INT32	71	
GROUP_GOD_FLAME_71_80_LEVEL_2	ENTER_LIMIT_CONDITION_LEVEL_MAXIMUM_NUM	INT32	80	
GROUP_GOD_FLAME_71_80_LEVEL_2	ENTER_LIMIT_CONDITION_JOB_CLOTHES_TAKE_OFF	STRING	ON	
GROUP_GOD_FLAME_71_80_LEVEL_2	ENTER_LIMIT_CONDITION_RIDE_COS_NOT_RIDING	STRING	ON	
GROUP_GOD_FLAME_71_80_LEVEL_2	ENTER_LIMIT_CONDITION_TRADE_COS_NOT_RIDING	STRING	ON	
GROUP_GOD_FLAME_71_80_LEVEL_2	PARTYMONSTER_SPAWN	STRING	OFF	
GROUP_GOD_FLAME_71_80_LEVEL_2	ENTER_LIMIT_CONDITION_FRPVP_VOUCHER_TAKE_OFF	STRING	ON	
GROUP_GOD_FLAME_71_80_LEVEL_2	CONTROL_NOTIFY_SPAWN_UNIQUE_MONSTER_MSG	STRING	ON	
GROUP_GOD_FLAME_71_80_LEVEL_2	GAMEWORLD_DISAPPEARANCE_TIME	INT32	3600000	
GROUP_GOD_FLAME_71_80_LEVEL_2	GAMEWORLD_DISAPPEARANCE_TIME	INT32	600000	
GROUP_GOD_FLAME_71_80_LEVEL_2	GAMEWORLD_DISAPPEARANCE_TIME	INT32	300000	
GROUP_GOD_FLAME_71_80_LEVEL_3	ENTER_LIMIT_CONDITION_LEVEL_MINIMUM_NUM	INT32	71	
GROUP_GOD_FLAME_71_80_LEVEL_3	ENTER_LIMIT_CONDITION_LEVEL_MAXIMUM_NUM	INT32	80	
GROUP_GOD_FLAME_71_80_LEVEL_3	ENTER_LIMIT_CONDITION_JOB_CLOTHES_TAKE_OFF	STRING	ON	
GROUP_GOD_FLAME_71_80_LEVEL_3	ENTER_LIMIT_CONDITION_RIDE_COS_NOT_RIDING	STRING	ON	
GROUP_GOD_FLAME_71_80_LEVEL_3	ENTER_LIMIT_CONDITION_TRADE_COS_NOT_RIDING	STRING	ON	
GROUP_GOD_FLAME_71_80_LEVEL_3	PARTYMONSTER_SPAWN	STRING	OFF	
GROUP_GOD_FLAME_71_80_LEVEL_3	ENTER_LIMIT_CONDITION_FRPVP_VOUCHER_TAKE_OFF	STRING	ON	
GROUP_GOD_FLAME_71_80_LEVEL_3	CONTROL_NOTIFY_SPAWN_UNIQUE_MONSTER_MSG	STRING	ON	
GROUP_GOD_FLAME_71_80_LEVEL_3	GAMEWORLD_DISAPPEARANCE_TIME	INT32	3600000	
GROUP_GOD_FLAME_71_80_LEVEL_3	GAMEWORLD_DISAPPEARANCE_TIME	INT32	600000	
GROUP_GOD_FLAME_71_80_LEVEL_3	GAMEWORLD_DISAPPEARANCE_TIME	INT32	300000	
GROUP_GOD_FLAME_71_80_LEVEL_4	ENTER_LIMIT_CONDITION_LEVEL_MINIMUM_NUM	INT32	71	
GROUP_GOD_FLAME_71_80_LEVEL_4	ENTER_LIMIT_CONDITION_LEVEL_MAXIMUM_NUM	INT32	80	
GROUP_GOD_FLAME_71_80_LEVEL_4	ENTER_LIMIT_CONDITION_JOB_CLOTHES_TAKE_OFF	STRING	ON	
GROUP_GOD_FLAME_71_80_LEVEL_4	ENTER_LIMIT_CONDITION_RIDE_COS_NOT_RIDING	STRING	ON	
GROUP_GOD_FLAME_71_80_LEVEL_4	ENTER_LIMIT_CONDITION_TRADE_COS_NOT_RIDING	STRING	ON	
GROUP_GOD_FLAME_71_80_LEVEL_4	PARTYMONSTER_SPAWN	STRING	OFF	
GROUP_GOD_FLAME_71_80_LEVEL_4	ENTER_LIMIT_CONDITION_FRPVP_VOUCHER_TAKE_OFF	STRING	ON	
GROUP_GOD_FLAME_71_80_LEVEL_4	CONTROL_NOTIFY_SPAWN_UNIQUE_MONSTER_MSG	STRING	ON	
GROUP_GOD_FLAME_71_80_LEVEL_4	GAMEWORLD_DISAPPEARANCE_TIME	INT32	3600000	
GROUP_GOD_FLAME_71_80_LEVEL_4	GAMEWORLD_DISAPPEARANCE_TIME	INT32	600000	
GROUP_GOD_FLAME_71_80_LEVEL_4	GAMEWORLD_DISAPPEARANCE_TIME	INT32	300000	
GROUP_GOD_FLAME_81_90_LEVEL_1	ENTER_LIMIT_CONDITION_LEVEL_MINIMUM_NUM	INT32	81	
GROUP_GOD_FLAME_81_90_LEVEL_1	ENTER_LIMIT_CONDITION_LEVEL_MAXIMUM_NUM	INT32	90	
GROUP_GOD_FLAME_81_90_LEVEL_1	ENTER_LIMIT_CONDITION_JOB_CLOTHES_TAKE_OFF	STRING	ON	
GROUP_GOD_FLAME_81_90_LEVEL_1	ENTER_LIMIT_CONDITION_RIDE_COS_NOT_RIDING	STRING	ON	
GROUP_GOD_FLAME_81_90_LEVEL_1	ENTER_LIMIT_CONDITION_TRADE_COS_NOT_RIDING	STRING	ON	
GROUP_GOD_FLAME_81_90_LEVEL_1	PARTYMONSTER_SPAWN	STRING	OFF	
GROUP_GOD_FLAME_81_90_LEVEL_1	ENTER_LIMIT_CONDITION_FRPVP_VOUCHER_TAKE_OFF	STRING	ON	
GROUP_GOD_FLAME_81_90_LEVEL_1	CONTROL_NOTIFY_SPAWN_UNIQUE_MONSTER_MSG	STRING	ON	
GROUP_GOD_FLAME_81_90_LEVEL_1	GAMEWORLD_DISAPPEARANCE_TIME	INT32	3600000	
GROUP_GOD_FLAME_81_90_LEVEL_1	GAMEWORLD_DISAPPEARANCE_TIME	INT32	600000	
GROUP_GOD_FLAME_81_90_LEVEL_1	GAMEWORLD_DISAPPEARANCE_TIME	INT32	300000	
GROUP_GOD_FLAME_81_90_LEVEL_2	ENTER_LIMIT_CONDITION_LEVEL_MINIMUM_NUM	INT32	81	
GROUP_GOD_FLAME_81_90_LEVEL_2	ENTER_LIMIT_CONDITION_LEVEL_MAXIMUM_NUM	INT32	90	
GROUP_GOD_FLAME_81_90_LEVEL_2	ENTER_LIMIT_CONDITION_JOB_CLOTHES_TAKE_OFF	STRING	ON	
GROUP_GOD_FLAME_81_90_LEVEL_2	ENTER_LIMIT_CONDITION_RIDE_COS_NOT_RIDING	STRING	ON	
GROUP_GOD_FLAME_81_90_LEVEL_2	ENTER_LIMIT_CONDITION_TRADE_COS_NOT_RIDING	STRING	ON	
GROUP_GOD_FLAME_81_90_LEVEL_2	PARTYMONSTER_SPAWN	STRING	OFF	
GROUP_GOD_FLAME_81_90_LEVEL_2	ENTER_LIMIT_CONDITION_FRPVP_VOUCHER_TAKE_OFF	STRING	ON	
GROUP_GOD_FLAME_81_90_LEVEL_2	CONTROL_NOTIFY_SPAWN_UNIQUE_MONSTER_MSG	STRING	ON	
GROUP_GOD_FLAME_81_90_LEVEL_2	GAMEWORLD_DISAPPEARANCE_TIME	INT32	3600000	
GROUP_GOD_FLAME_81_90_LEVEL_2	GAMEWORLD_DISAPPEARANCE_TIME	INT32	600000	
GROUP_GOD_FLAME_81_90_LEVEL_2	GAMEWORLD_DISAPPEARANCE_TIME	INT32	300000	
GROUP_GOD_FLAME_81_90_LEVEL_3	ENTER_LIMIT_CONDITION_LEVEL_MINIMUM_NUM	INT32	81	
GROUP_GOD_FLAME_81_90_LEVEL_3	ENTER_LIMIT_CONDITION_LEVEL_MAXIMUM_NUM	INT32	90	
GROUP_GOD_FLAME_81_90_LEVEL_3	ENTER_LIMIT_CONDITION_JOB_CLOTHES_TAKE_OFF	STRING	ON	
GROUP_GOD_FLAME_81_90_LEVEL_3	ENTER_LIMIT_CONDITION_RIDE_COS_NOT_RIDING	STRING	ON	
GROUP_GOD_FLAME_81_90_LEVEL_3	ENTER_LIMIT_CONDITION_TRADE_COS_NOT_RIDING	STRING	ON	
GROUP_GOD_FLAME_81_90_LEVEL_3	PARTYMONSTER_SPAWN	STRING	OFF	
GROUP_GOD_FLAME_81_90_LEVEL_3	ENTER_LIMIT_CONDITION_FRPVP_VOUCHER_TAKE_OFF	STRING	ON	
GROUP_GOD_FLAME_81_90_LEVEL_3	CONTROL_NOTIFY_SPAWN_UNIQUE_MONSTER_MSG	STRING	ON	
GROUP_GOD_FLAME_81_90_LEVEL_3	GAMEWORLD_DISAPPEARANCE_TIME	INT32	3600000	
GROUP_GOD_FLAME_81_90_LEVEL_3	GAMEWORLD_DISAPPEARANCE_TIME	INT32	600000	
GROUP_GOD_FLAME_81_90_LEVEL_3	GAMEWORLD_DISAPPEARANCE_TIME	INT32	300000	
GROUP_GOD_FLAME_81_90_LEVEL_4	ENTER_LIMIT_CONDITION_LEVEL_MINIMUM_NUM	INT32	81	
GROUP_GOD_FLAME_81_90_LEVEL_4	ENTER_LIMIT_CONDITION_LEVEL_MAXIMUM_NUM	INT32	90	
GROUP_GOD_FLAME_81_90_LEVEL_4	ENTER_LIMIT_CONDITION_JOB_CLOTHES_TAKE_OFF	STRING	ON	
GROUP_GOD_FLAME_81_90_LEVEL_4	ENTER_LIMIT_CONDITION_RIDE_COS_NOT_RIDING	STRING	ON	
GROUP_GOD_FLAME_81_90_LEVEL_4	ENTER_LIMIT_CONDITION_TRADE_COS_NOT_RIDING	STRING	ON	
GROUP_GOD_FLAME_81_90_LEVEL_4	PARTYMONSTER_SPAWN	STRING	OFF	
GROUP_GOD_FLAME_81_90_LEVEL_4	ENTER_LIMIT_CONDITION_FRPVP_VOUCHER_TAKE_OFF	STRING	ON	
GROUP_GOD_FLAME_81_90_LEVEL_4	CONTROL_NOTIFY_SPAWN_UNIQUE_MONSTER_MSG	STRING	ON	
GROUP_GOD_FLAME_81_90_LEVEL_4	GAMEWORLD_DISAPPEARANCE_TIME	INT32	3600000	
GROUP_GOD_FLAME_81_90_LEVEL_4	GAMEWORLD_DISAPPEARANCE_TIME	INT32	600000	
GROUP_GOD_FLAME_81_90_LEVEL_4	GAMEWORLD_DISAPPEARANCE_TIME	INT32	300000	
GROUP_GOD_WRECK_IN_91_100_LEVEL_1	ENTER_LIMIT_CONDITION_LEVEL_MINIMUM_NUM	INT32	91	
GROUP_GOD_WRECK_IN_91_100_LEVEL_1	ENTER_LIMIT_CONDITION_LEVEL_MAXIMUM_NUM	INT32	100	
GROUP_GOD_WRECK_IN_91_100_LEVEL_1	ENTER_LIMIT_CONDITION_JOB_CLOTHES_TAKE_OFF	STRING	ON	
GROUP_GOD_WRECK_IN_91_100_LEVEL_1	ENTER_LIMIT_CONDITION_RIDE_COS_NOT_RIDING	STRING	ON	
GROUP_GOD_WRECK_IN_91_100_LEVEL_1	ENTER_LIMIT_CONDITION_TRADE_COS_NOT_RIDING	STRING	ON	
GROUP_GOD_WRECK_IN_91_100_LEVEL_1	PARTYMONSTER_SPAWN	STRING	OFF	
GROUP_GOD_WRECK_IN_91_100_LEVEL_1	ENTER_LIMIT_CONDITION_FRPVP_VOUCHER_TAKE_OFF	STRING	ON	
GROUP_GOD_WRECK_IN_91_100_LEVEL_1	CONTROL_NOTIFY_SPAWN_UNIQUE_MONSTER_MSG	STRING	ON	
GROUP_GOD_WRECK_IN_91_100_LEVEL_1	GAMEWORLD_DISAPPEARANCE_TIME	INT32	3600000	
GROUP_GOD_WRECK_IN_91_100_LEVEL_1	GAMEWORLD_DISAPPEARANCE_TIME	INT32	600000	
GROUP_GOD_WRECK_IN_91_100_LEVEL_1	GAMEWORLD_DISAPPEARANCE_TIME	INT32	300000	
GROUP_GOD_WRECK_IN_91_100_LEVEL_2	ENTER_LIMIT_CONDITION_LEVEL_MINIMUM_NUM	INT32	91	
GROUP_GOD_WRECK_IN_91_100_LEVEL_2	ENTER_LIMIT_CONDITION_LEVEL_MAXIMUM_NUM	INT32	100	
GROUP_GOD_WRECK_IN_91_100_LEVEL_2	ENTER_LIMIT_CONDITION_JOB_CLOTHES_TAKE_OFF	STRING	ON	
GROUP_GOD_WRECK_IN_91_100_LEVEL_2	ENTER_LIMIT_CONDITION_RIDE_COS_NOT_RIDING	STRING	ON	
GROUP_GOD_WRECK_IN_91_100_LEVEL_2	ENTER_LIMIT_CONDITION_TRADE_COS_NOT_RIDING	STRING	ON	
GROUP_GOD_WRECK_IN_91_100_LEVEL_2	PARTYMONSTER_SPAWN	STRING	OFF	
GROUP_GOD_WRECK_IN_91_100_LEVEL_2	ENTER_LIMIT_CONDITION_FRPVP_VOUCHER_TAKE_OFF	STRING	ON	
GROUP_GOD_WRECK_IN_91_100_LEVEL_2	CONTROL_NOTIFY_SPAWN_UNIQUE_MONSTER_MSG	STRING	ON	
GROUP_GOD_WRECK_IN_91_100_LEVEL_2	GAMEWORLD_DISAPPEARANCE_TIME	INT32	3600000	
GROUP_GOD_WRECK_IN_91_100_LEVEL_2	GAMEWORLD_DISAPPEARANCE_TIME	INT32	600000	
GROUP_GOD_WRECK_IN_91_100_LEVEL_2	GAMEWORLD_DISAPPEARANCE_TIME	INT32	300000	
GROUP_GOD_WRECK_OUT_91_100_LEVEL_3	ENTER_LIMIT_CONDITION_LEVEL_MINIMUM_NUM	INT32	91	
GROUP_GOD_WRECK_OUT_91_100_LEVEL_3	ENTER_LIMIT_CONDITION_LEVEL_MAXIMUM_NUM	INT32	100	
GROUP_GOD_WRECK_OUT_91_100_LEVEL_3	ENTER_LIMIT_CONDITION_JOB_CLOTHES_TAKE_OFF	STRING	ON	
GROUP_GOD_WRECK_OUT_91_100_LEVEL_3	ENTER_LIMIT_CONDITION_RIDE_COS_NOT_RIDING	STRING	ON	
GROUP_GOD_WRECK_OUT_91_100_LEVEL_3	ENTER_LIMIT_CONDITION_TRADE_COS_NOT_RIDING	STRING	ON	
GROUP_GOD_WRECK_OUT_91_100_LEVEL_3	PARTYMONSTER_SPAWN	STRING	OFF	
GROUP_GOD_WRECK_OUT_91_100_LEVEL_3	ENTER_LIMIT_CONDITION_FRPVP_VOUCHER_TAKE_OFF	STRING	ON	
GROUP_GOD_WRECK_OUT_91_100_LEVEL_3	CONTROL_NOTIFY_SPAWN_UNIQUE_MONSTER_MSG	STRING	ON	
GROUP_GOD_WRECK_OUT_91_100_LEVEL_3	GAMEWORLD_DISAPPEARANCE_TIME	INT32	3600000	
GROUP_GOD_WRECK_OUT_91_100_LEVEL_3	GAMEWORLD_DISAPPEARANCE_TIME	INT32	600000	
GROUP_GOD_WRECK_OUT_91_100_LEVEL_3	GAMEWORLD_DISAPPEARANCE_TIME	INT32	300000	
GROUP_GOD_WRECK_OUT_91_100_LEVEL_4	ENTER_LIMIT_CONDITION_LEVEL_MINIMUM_NUM	INT32	91	
GROUP_GOD_WRECK_OUT_91_100_LEVEL_4	ENTER_LIMIT_CONDITION_LEVEL_MAXIMUM_NUM	INT32	100	
GROUP_GOD_WRECK_OUT_91_100_LEVEL_4	ENTER_LIMIT_CONDITION_JOB_CLOTHES_TAKE_OFF	STRING	ON	
GROUP_GOD_WRECK_OUT_91_100_LEVEL_4	ENTER_LIMIT_CONDITION_RIDE_COS_NOT_RIDING	STRING	ON	
GROUP_GOD_WRECK_OUT_91_100_LEVEL_4	ENTER_LIMIT_CONDITION_TRADE_COS_NOT_RIDING	STRING	ON	
GROUP_GOD_WRECK_OUT_91_100_LEVEL_4	PARTYMONSTER_SPAWN	STRING	OFF	
GROUP_GOD_WRECK_OUT_91_100_LEVEL_4	ENTER_LIMIT_CONDITION_FRPVP_VOUCHER_TAKE_OFF	STRING	ON	
GROUP_GOD_WRECK_OUT_91_100_LEVEL_4	CONTROL_NOTIFY_SPAWN_UNIQUE_MONSTER_MSG	STRING	ON	
GROUP_GOD_WRECK_OUT_91_100_LEVEL_4	GAMEWORLD_DISAPPEARANCE_TIME	INT32	3600000	
GROUP_GOD_WRECK_OUT_91_100_LEVEL_4	GAMEWORLD_DISAPPEARANCE_TIME	INT32	600000	
GROUP_GOD_WRECK_OUT_91_100_LEVEL_4	GAMEWORLD_DISAPPEARANCE_TIME	INT32	300000	
GROUP_GOD_WRECK_IN_100_110_LEVEL_1	ENTER_LIMIT_CONDITION_LEVEL_MINIMUM_NUM	INT32	101	
GROUP_GOD_WRECK_IN_100_110_LEVEL_1	ENTER_LIMIT_CONDITION_LEVEL_MAXIMUM_NUM	INT32	110	
GROUP_GOD_WRECK_IN_100_110_LEVEL_1	ENTER_LIMIT_CONDITION_JOB_CLOTHES_TAKE_OFF	STRING	ON	
GROUP_GOD_WRECK_IN_100_110_LEVEL_1	ENTER_LIMIT_CONDITION_RIDE_COS_NOT_RIDING	STRING	ON	
GROUP_GOD_WRECK_IN_100_110_LEVEL_1	ENTER_LIMIT_CONDITION_TRADE_COS_NOT_RIDING	STRING	ON	
GROUP_GOD_WRECK_IN_100_110_LEVEL_1	PARTYMONSTER_SPAWN	STRING	OFF	
GROUP_GOD_WRECK_IN_100_110_LEVEL_1	ENTER_LIMIT_CONDITION_FRPVP_VOUCHER_TAKE_OFF	STRING	ON	
GROUP_GOD_WRECK_IN_100_110_LEVEL_1	CONTROL_NOTIFY_SPAWN_UNIQUE_MONSTER_MSG	STRING	ON	
GROUP_GOD_WRECK_IN_100_110_LEVEL_1	GAMEWORLD_DISAPPEARANCE_TIME	INT32	3600000	
GROUP_GOD_WRECK_IN_100_110_LEVEL_1	GAMEWORLD_DISAPPEARANCE_TIME	INT32	600000	
GROUP_GOD_WRECK_IN_100_110_LEVEL_1	GAMEWORLD_DISAPPEARANCE_TIME	INT32	300000	
GROUP_GOD_WRECK_IN_100_110_LEVEL_2	ENTER_LIMIT_CONDITION_LEVEL_MINIMUM_NUM	INT32	101	
GROUP_GOD_WRECK_IN_100_110_LEVEL_2	ENTER_LIMIT_CONDITION_LEVEL_MAXIMUM_NUM	INT32	110	
GROUP_GOD_WRECK_IN_100_110_LEVEL_2	ENTER_LIMIT_CONDITION_JOB_CLOTHES_TAKE_OFF	STRING	ON	
GROUP_GOD_WRECK_IN_100_110_LEVEL_2	ENTER_LIMIT_CONDITION_RIDE_COS_NOT_RIDING	STRING	ON	
GROUP_GOD_WRECK_IN_100_110_LEVEL_2	ENTER_LIMIT_CONDITION_TRADE_COS_NOT_RIDING	STRING	ON	
GROUP_GOD_WRECK_IN_100_110_LEVEL_2	PARTYMONSTER_SPAWN	STRING	OFF	
GROUP_GOD_WRECK_IN_100_110_LEVEL_2	ENTER_LIMIT_CONDITION_FRPVP_VOUCHER_TAKE_OFF	STRING	ON	
GROUP_GOD_WRECK_IN_100_110_LEVEL_2	CONTROL_NOTIFY_SPAWN_UNIQUE_MONSTER_MSG	STRING	ON	
GROUP_GOD_WRECK_IN_100_110_LEVEL_2	GAMEWORLD_DISAPPEARANCE_TIME	INT32	3600000	
GROUP_GOD_WRECK_IN_100_110_LEVEL_2	GAMEWORLD_DISAPPEARANCE_TIME	INT32	600000	
GROUP_GOD_WRECK_IN_100_110_LEVEL_2	GAMEWORLD_DISAPPEARANCE_TIME	INT32	300000	
GROUP_GOD_WRECK_OUT_100_110_LEVEL_3	ENTER_LIMIT_CONDITION_LEVEL_MINIMUM_NUM	INT32	101	
GROUP_GOD_WRECK_OUT_100_110_LEVEL_3	ENTER_LIMIT_CONDITION_LEVEL_MAXIMUM_NUM	INT32	110	
GROUP_GOD_WRECK_OUT_100_110_LEVEL_3	ENTER_LIMIT_CONDITION_JOB_CLOTHES_TAKE_OFF	STRING	ON	
GROUP_GOD_WRECK_OUT_100_110_LEVEL_3	ENTER_LIMIT_CONDITION_RIDE_COS_NOT_RIDING	STRING	ON	
GROUP_GOD_WRECK_OUT_100_110_LEVEL_3	ENTER_LIMIT_CONDITION_TRADE_COS_NOT_RIDING	STRING	ON	
GROUP_GOD_WRECK_OUT_100_110_LEVEL_3	PARTYMONSTER_SPAWN	STRING	OFF	
GROUP_GOD_WRECK_OUT_100_110_LEVEL_3	ENTER_LIMIT_CONDITION_FRPVP_VOUCHER_TAKE_OFF	STRING	ON	
GROUP_GOD_WRECK_OUT_100_110_LEVEL_3	CONTROL_NOTIFY_SPAWN_UNIQUE_MONSTER_MSG	STRING	ON	
GROUP_GOD_WRECK_OUT_100_110_LEVEL_3	GAMEWORLD_DISAPPEARANCE_TIME	INT32	3600000	
GROUP_GOD_WRECK_OUT_100_110_LEVEL_3	GAMEWORLD_DISAPPEARANCE_TIME	INT32	600000	
GROUP_GOD_WRECK_OUT_100_110_LEVEL_3	GAMEWORLD_DISAPPEARANCE_TIME	INT32	300000	
GROUP_GOD_WRECK_OUT_100_110_LEVEL_4	ENTER_LIMIT_CONDITION_LEVEL_MINIMUM_NUM	INT32	101	
GROUP_GOD_WRECK_OUT_100_110_LEVEL_4	ENTER_LIMIT_CONDITION_LEVEL_MAXIMUM_NUM	INT32	110	
GROUP_GOD_WRECK_OUT_100_110_LEVEL_4	ENTER_LIMIT_CONDITION_JOB_CLOTHES_TAKE_OFF	STRING	ON	
GROUP_GOD_WRECK_OUT_100_110_LEVEL_4	ENTER_LIMIT_CONDITION_RIDE_COS_NOT_RIDING	STRING	ON	
GROUP_GOD_WRECK_OUT_100_110_LEVEL_4	ENTER_LIMIT_CONDITION_TRADE_COS_NOT_RIDING	STRING	ON	
GROUP_GOD_WRECK_OUT_100_110_LEVEL_4	PARTYMONSTER_SPAWN	STRING	OFF	
GROUP_GOD_WRECK_OUT_100_110_LEVEL_4	ENTER_LIMIT_CONDITION_FRPVP_VOUCHER_TAKE_OFF	STRING	ON	
GROUP_GOD_WRECK_OUT_100_110_LEVEL_4	CONTROL_NOTIFY_SPAWN_UNIQUE_MONSTER_MSG	STRING	ON	
GROUP_GOD_WRECK_OUT_100_110_LEVEL_4	GAMEWORLD_DISAPPEARANCE_TIME	INT32	3600000	
GROUP_GOD_WRECK_OUT_100_110_LEVEL_4	GAMEWORLD_DISAPPEARANCE_TIME	INT32	600000	
GROUP_GOD_WRECK_OUT_100_110_LEVEL_4	GAMEWORLD_DISAPPEARANCE_TIME	INT32	300000	
GROUP_JUPITER_A	GAME_WORLD_NORMALIZE_TYPE	STRING	GAME_WORLD_NORMALIZE_TYPE_A	
GROUP_JUPITER_A	ENTER_LIMIT_CONDITION_LEVEL_MINIMUM_NUM	INT32	111	
GROUP_JUPITER_A	GAMEWORLD_DISAPPEARANCE_TIME	INT32	1800000	
GROUP_JUPITER_A	GAMEWORLD_DISAPPEARANCE_TIME	INT32	1200000	
GROUP_JUPITER_A	GAMEWORLD_DISAPPEARANCE_TIME	INT32	600000	
GROUP_JUPITER_A	GAMEWORLD_DISAPPEARANCE_TIME	INT32	300000	
GROUP_JUPITER_A	DUNGEON_TICKET	STRING	ITEM_CODE(???? ??)	
GROUP_JUPITER_A	ENTER_LIMIT_CONDITION_ENTRY_MAXIMUM_NUM	INT32	3	
GROUP_JUPITER_A	ENTER_LIMIT_CONDITION_FRPVP_VOUCHER_TAKE_OFF	STRING	ON	
GROUP_JUPITER_A	ENTERWORLD_LIMIT_CONDITION_FLEAMARKET	STRING	ON	
GROUP_JUPITER_A	ENTER_LIMIT_CONDITION_RIDE_COS_NOT_RIDING	STRING	ON	
GROUP_JUPITER_A	ENTER_LIMIT_CONDITION_TRADE_COS_NOT_RIDING	STRING	ON	
GROUP_JUPITER_A	CONTROL_NOTIFY_SPAWN_UNIQUE_MONSTER_MSG	STRING	ON	
GROUP_JUPITER_A	ENTER_LIMIT_CONDITION_REENTRY	STRING	ON	
GROUP_JUPITER_A	ENTER_LIMIT_CONDITION_JOB_CLOTHES_TAKE_OFF	STRING	ON	
GROUP_JUPITER_A	ENTER_LIMIT_CONDITION_PARTY	STRING	ON	
GROUP_JUPITER_A	ENTERWORLD_LIMIT_CONDITION_TRADE	STRING	ON	
GROUP_JUPITER_A2	GAME_WORLD_NORMALIZE_TYPE	STRING	GAME_WORLD_NORMALIZE_TYPE_A	
GROUP_JUPITER_A2	ENTER_LIMIT_CONDITION_LEVEL_MINIMUM_NUM	INT32	113	
GROUP_JUPITER_A2	GAMEWORLD_DISAPPEARANCE_TIME	INT32	1800000	
GROUP_JUPITER_A2	GAMEWORLD_DISAPPEARANCE_TIME	INT32	1200000	
GROUP_JUPITER_A2	GAMEWORLD_DISAPPEARANCE_TIME	INT32	600000	
GROUP_JUPITER_A2	GAMEWORLD_DISAPPEARANCE_TIME	INT32	300000	
GROUP_JUPITER_A2	DUNGEON_TICKET	STRING	ITEM_CODE(???? ??)	
GROUP_JUPITER_A2	ENTER_LIMIT_CONDITION_ENTRY_MAXIMUM_NUM	INT32	3	
GROUP_JUPITER_A2	ENTER_LIMIT_CONDITION_FRPVP_VOUCHER_TAKE_OFF	STRING	ON	
GROUP_JUPITER_A2	ENTERWORLD_LIMIT_CONDITION_FLEAMARKET	STRING	ON	
GROUP_JUPITER_A2	ENTER_LIMIT_CONDITION_RIDE_COS_NOT_RIDING	STRING	ON	
GROUP_JUPITER_A2	ENTER_LIMIT_CONDITION_TRADE_COS_NOT_RIDING	STRING	ON	
GROUP_JUPITER_A2	CONTROL_NOTIFY_SPAWN_UNIQUE_MONSTER_MSG	STRING	ON	
GROUP_JUPITER_A2	ENTER_LIMIT_CONDITION_REENTRY	STRING	ON	
GROUP_JUPITER_A2	ENTER_LIMIT_CONDITION_JOB_CLOTHES_TAKE_OFF	STRING	ON	
GROUP_JUPITER_A2	ENTER_LIMIT_CONDITION_PARTY	STRING	ON	
GROUP_JUPITER_A2	ENTERWORLD_LIMIT_CONDITION_TRADE	STRING	ON	
GROUP_JUPITER_A3	GAME_WORLD_NORMALIZE_TYPE	STRING	GAME_WORLD_NORMALIZE_TYPE_A	
GROUP_JUPITER_A3	ENTER_LIMIT_CONDITION_LEVEL_MINIMUM_NUM	INT32	106	
GROUP_JUPITER_A3	GAMEWORLD_DISAPPEARANCE_TIME	INT32	1800000	
GROUP_JUPITER_A3	GAMEWORLD_DISAPPEARANCE_TIME	INT32	1200000	
GROUP_JUPITER_A3	GAMEWORLD_DISAPPEARANCE_TIME	INT32	600000	
GROUP_JUPITER_A3	GAMEWORLD_DISAPPEARANCE_TIME	INT32	300000	
GROUP_JUPITER_A3	PARTYMONSTER_SPAWN	STRING	ON	
GROUP_JUPITER_A3	DUNGEON_TICKET	STRING	ITEM_CODE(???? ??)	
GROUP_JUPITER_A3	ENTER_LIMIT_CONDITION_ENTRY_MAXIMUM_NUM	INT32	3	
GROUP_JUPITER_A3	ENTER_LIMIT_CONDITION_FRPVP_VOUCHER_TAKE_OFF	STRING	ON	
GROUP_JUPITER_A3	ENTERWORLD_LIMIT_CONDITION_FLEAMARKET	STRING	ON	
GROUP_JUPITER_A3	ENTER_LIMIT_CONDITION_RIDE_COS_NOT_RIDING	STRING	ON	
GROUP_JUPITER_A3	ENTER_LIMIT_CONDITION_TRADE_COS_NOT_RIDING	STRING	ON	
GROUP_JUPITER_A3	CONTROL_NOTIFY_SPAWN_UNIQUE_MONSTER_MSG	STRING	ON	
GROUP_JUPITER_A3	ENTER_LIMIT_CONDITION_REENTRY	STRING	ON	
GROUP_JUPITER_A3	ENTER_LIMIT_CONDITION_JOB_CLOTHES_TAKE_OFF	STRING	ON	
GROUP_JUPITER_A3	ENTER_LIMIT_CONDITION_SOLO_N_PARTY	STRING	ON	
GROUP_JUPITER_A3	ENTERWORLD_LIMIT_CONDITION_TRADE	STRING	ON	
GROUP_JUPITER_B	GAME_WORLD_NORMALIZE_TYPE	STRING	GAME_WORLD_NORMALIZE_TYPE_A	
GROUP_JUPITER_B	ENTER_LIMIT_CONDITION_LEVEL_MINIMUM_NUM	INT32	116	
GROUP_JUPITER_B	GAMEWORLD_DISAPPEARANCE_TIME	INT32	1800000	
GROUP_JUPITER_B	GAMEWORLD_DISAPPEARANCE_TIME	INT32	1200000	
GROUP_JUPITER_B	GAMEWORLD_DISAPPEARANCE_TIME	INT32	600000	
GROUP_JUPITER_B	GAMEWORLD_DISAPPEARANCE_TIME	INT32	300000	
GROUP_JUPITER_B	DUNGEON_TICKET	STRING	ITEM_CODE(???? ??)	
GROUP_JUPITER_B	ENTER_LIMIT_CONDITION_ENTRY_MAXIMUM_NUM	INT32	3	
GROUP_JUPITER_B	ENTER_LIMIT_CONDITION_FRPVP_VOUCHER_TAKE_OFF	STRING	ON	
GROUP_JUPITER_B	ENTERWORLD_LIMIT_CONDITION_FLEAMARKET	STRING	ON	
GROUP_JUPITER_B	ENTER_LIMIT_CONDITION_RIDE_COS_NOT_RIDING	STRING	ON	
GROUP_JUPITER_B	ENTER_LIMIT_CONDITION_TRADE_COS_NOT_RIDING	STRING	ON	
GROUP_JUPITER_B	CONTROL_NOTIFY_SPAWN_UNIQUE_MONSTER_MSG	STRING	ON	
GROUP_JUPITER_B	ENTER_LIMIT_CONDITION_REENTRY	STRING	ON	
GROUP_JUPITER_B	ENTER_LIMIT_CONDITION_JOB_CLOTHES_TAKE_OFF	STRING	ON	
GROUP_JUPITER_B	ENTER_LIMIT_CONDITION_PARTY	STRING	ON	
GROUP_JUPITER_B	ENTERWORLD_LIMIT_CONDITION_TRADE	STRING	ON	
GROUP_JUPITER_B2	GAME_WORLD_NORMALIZE_TYPE	STRING	GAME_WORLD_NORMALIZE_TYPE_A	
GROUP_JUPITER_B2	ENTER_LIMIT_CONDITION_LEVEL_MINIMUM_NUM	INT32	118	
GROUP_JUPITER_B2	GAMEWORLD_DISAPPEARANCE_TIME	INT32	1800000	
GROUP_JUPITER_B2	GAMEWORLD_DISAPPEARANCE_TIME	INT32	1200000	
GROUP_JUPITER_B2	GAMEWORLD_DISAPPEARANCE_TIME	INT32	600000	
GROUP_JUPITER_B2	GAMEWORLD_DISAPPEARANCE_TIME	INT32	300000	
GROUP_JUPITER_B2	DUNGEON_TICKET	STRING	ITEM_CODE(???? ??)	
GROUP_JUPITER_B2	ENTER_LIMIT_CONDITION_ENTRY_MAXIMUM_NUM	INT32	3	
GROUP_JUPITER_B2	ENTER_LIMIT_CONDITION_FRPVP_VOUCHER_TAKE_OFF	STRING	ON	
GROUP_JUPITER_B2	ENTERWORLD_LIMIT_CONDITION_FLEAMARKET	STRING	ON	
GROUP_JUPITER_B2	ENTER_LIMIT_CONDITION_RIDE_COS_NOT_RIDING	STRING	ON	
GROUP_JUPITER_B2	ENTER_LIMIT_CONDITION_TRADE_COS_NOT_RIDING	STRING	ON	
GROUP_JUPITER_B2	CONTROL_NOTIFY_SPAWN_UNIQUE_MONSTER_MSG	STRING	ON	
GROUP_JUPITER_B2	ENTER_LIMIT_CONDITION_REENTRY	STRING	ON	
GROUP_JUPITER_B2	ENTER_LIMIT_CONDITION_JOB_CLOTHES_TAKE_OFF	STRING	ON	
GROUP_JUPITER_B2	ENTER_LIMIT_CONDITION_PARTY	STRING	ON	
GROUP_JUPITER_B2	ENTERWORLD_LIMIT_CONDITION_TRADE	STRING	ON	
GROUP_JUPITER_B3	GAME_WORLD_NORMALIZE_TYPE	STRING	GAME_WORLD_NORMALIZE_TYPE_A	
GROUP_JUPITER_B3	ENTER_LIMIT_CONDITION_LEVEL_MINIMUM_NUM	INT32	111	
GROUP_JUPITER_B3	GAMEWORLD_DISAPPEARANCE_TIME	INT32	1800000	
GROUP_JUPITER_B3	GAMEWORLD_DISAPPEARANCE_TIME	INT32	1200000	
GROUP_JUPITER_B3	GAMEWORLD_DISAPPEARANCE_TIME	INT32	600000	
GROUP_JUPITER_B3	GAMEWORLD_DISAPPEARANCE_TIME	INT32	300000	
GROUP_JUPITER_B3	PARTYMONSTER_SPAWN	STRING	ON	
GROUP_JUPITER_B3	DUNGEON_TICKET	STRING	ITEM_CODE(???? ??)	
GROUP_JUPITER_B3	ENTER_LIMIT_CONDITION_ENTRY_MAXIMUM_NUM	INT32	3	
GROUP_JUPITER_B3	ENTER_LIMIT_CONDITION_FRPVP_VOUCHER_TAKE_OFF	STRING	ON	
GROUP_JUPITER_B3	ENTERWORLD_LIMIT_CONDITION_FLEAMARKET	STRING	ON	
GROUP_JUPITER_B3	ENTER_LIMIT_CONDITION_RIDE_COS_NOT_RIDING	STRING	ON	
GROUP_JUPITER_B3	ENTER_LIMIT_CONDITION_TRADE_COS_NOT_RIDING	STRING	ON	
GROUP_JUPITER_B3	CONTROL_NOTIFY_SPAWN_UNIQUE_MONSTER_MSG	STRING	ON	
GROUP_JUPITER_B3	ENTER_LIMIT_CONDITION_REENTRY	STRING	ON	
GROUP_JUPITER_B3	ENTER_LIMIT_CONDITION_JOB_CLOTHES_TAKE_OFF	STRING	ON	
GROUP_JUPITER_B3	ENTER_LIMIT_CONDITION_SOLO_N_PARTY	STRING	ON	
GROUP_JUPITER_B3	ENTERWORLD_LIMIT_CONDITION_TRADE	STRING	ON	
GROUP_JUPITER_FIELD	GAME_WORLD_NORMALIZE_TYPE	STRING	GAME_WORLD_NORMALIZE_TYPE_A	
GROUP_JUPITER_FIELD	ENTER_LIMIT_CONDITION_LEVEL_MINIMUM_NUM	INT32	106	
GROUP_JUPITER_FIELD	PARTYMONSTER_SPAWN	STRING	ON	
GROUP_PRISON	GAME_WORLD_NORMALIZE_TYPE	STRING	GAME_WORLD_NORMALIZE_TYPE_A	
GROUP_PRISON	INS_PRISON	STRING	ON	
GROUP_PRISON	INS_TELEPORT_ENTER_POSITION_REGION	INT32	-32744	
GROUP_PRISON	INS_TELEPORT_ENTER_POSITION_WORLD	STRING	INS_PRISON	
GROUP_PRISON	INS_TELEPORT_ENTER_POSITION_X	FLOAT32	31	
GROUP_PRISON	INS_TELEPORT_ENTER_POSITION_Y	FLOAT32	36	
GROUP_PRISON	INS_TELEPORT_ENTER_POSITION_Z	FLOAT32	62	
GROUP_PRISON	INS_TELEPORT_LEAVE_POSITION_REGION	INT32	23687	
GROUP_PRISON	INS_TELEPORT_LEAVE_POSITION_WORLD	STRING	INS_DEFAULT	
GROUP_PRISON	INS_TELEPORT_LEAVE_POSITION_X	FLOAT32	1255	
GROUP_PRISON	INS_TELEPORT_LEAVE_POSITION_Y	FLOAT32	245	
GROUP_PRISON	INS_TELEPORT_LEAVE_POSITION_Z	FLOAT32	83	
GROUP_GM_EVENT	GAME_WORLD_NORMALIZE_TYPE	STRING	GAME_WORLD_NORMALIZE_TYPE_A	
GROUP_GM_EVENT	INS_GM_EVENTMAP	STRING	ON	
GROUP_GM_EVENT	INS_TELEPORT_ENTER_POSITION_REGION	INT32	-32745	
GROUP_GM_EVENT	INS_TELEPORT_ENTER_POSITION_WORLD	STRING	INS_GM_EVENT	
GROUP_GM_EVENT	INS_TELEPORT_ENTER_POSITION_X	FLOAT32	-3	
GROUP_GM_EVENT	INS_TELEPORT_ENTER_POSITION_Y	FLOAT32	-7	
GROUP_GM_EVENT	INS_TELEPORT_ENTER_POSITION_Z	FLOAT32	628	
GROUP_GM_EVENT	INS_TELEPORT_LEAVE_POSITION_REGION	INT32	23687	
GROUP_GM_EVENT	INS_TELEPORT_LEAVE_POSITION_WORLD	STRING	INS_DEFAULT	
GROUP_GM_EVENT	INS_TELEPORT_LEAVE_POSITION_X	FLOAT32	1255	
GROUP_GM_EVENT	INS_TELEPORT_LEAVE_POSITION_Y	FLOAT32	245	
GROUP_GM_EVENT	INS_TELEPORT_LEAVE_POSITION_Z	FLOAT32	83	
GROUP_MUHAN_SOLO_95	GAME_WORLD_NORMALIZE_TYPE	STRING	GAME_WORLD_NORMALIZE_TYPE_A	
GROUP_MUHAN_SOLO_95	GAMEWORLD_DISAPPEARANCE_TIME	INT32	1800000	
GROUP_MUHAN_SOLO_95	GAMEWORLD_DISAPPEARANCE_TIME	INT32	1200000	
GROUP_MUHAN_SOLO_95	GAMEWORLD_DISAPPEARANCE_TIME	INT32	600000	
GROUP_MUHAN_SOLO_95	GAMEWORLD_DISAPPEARANCE_TIME	INT32	300000	
GROUP_MUHAN_SOLO_95	ENTER_LIMIT_CONDITION_LEVEL_MINIMUM_NUM	INT32	91	
GROUP_MUHAN_SOLO_95	ENTER_LIMIT_CONDITION_LEVEL_MAXIMUM_NUM	INT32	100	
GROUP_MUHAN_SOLO_95	ENTER_LIMIT_CONDITION_ENTRY_MAXIMUM_NUM	INT32	2	
GROUP_MUHAN_SOLO_95	ENTER_LIMIT_CONDITION_SOLO_N_PARTY	STRING	ON	
GROUP_MUHAN_SOLO_95	INS_MUHAN_SOLO_95	STRING	ON	
GROUP_MUHAN_SOLO_95	GAMEWORLD_PLAY_END_TIME	INT32	300000	
GROUP_MUHAN_SOLO_95	REF_TELEPORT_MUHAN_GATE	STRING	GATE_MUHAN_SOLO_95_01	
GROUP_MUHAN_SOLO_95	ENTER_LIMIT_CONDITION_ENTRY	STRING	NUM_LIMIT	
GROUP_MUHAN_SOLO_95	ENTER_LIMIT_CONDITION_RE_ENTRY	STRING	ON	
GROUP_MUHAN_SOLO_105	GAME_WORLD_NORMALIZE_TYPE	STRING	GAME_WORLD_NORMALIZE_TYPE_A	
GROUP_MUHAN_SOLO_105	GAMEWORLD_DISAPPEARANCE_TIME	INT32	1800000	
GROUP_MUHAN_SOLO_105	GAMEWORLD_DISAPPEARANCE_TIME	INT32	1200000	
GROUP_MUHAN_SOLO_105	GAMEWORLD_DISAPPEARANCE_TIME	INT32	600000	
GROUP_MUHAN_SOLO_105	GAMEWORLD_DISAPPEARANCE_TIME	INT32	300000	
GROUP_MUHAN_SOLO_105	ENTER_LIMIT_CONDITION_LEVEL_MINIMUM_NUM	INT32	101	
GROUP_MUHAN_SOLO_105	ENTER_LIMIT_CONDITION_LEVEL_MAXIMUM_NUM	INT32	110	
GROUP_MUHAN_SOLO_105	ENTER_LIMIT_CONDITION_ENTRY_MAXIMUM_NUM	INT32	2	
GROUP_MUHAN_SOLO_105	ENTER_LIMIT_CONDITION_SOLO_N_PARTY	STRING	ON	
GROUP_MUHAN_SOLO_105	INS_MUHAN_SOLO_105	STRING	ON	
GROUP_MUHAN_SOLO_105	GAMEWORLD_PLAY_END_TIME	INT32	300000	
GROUP_MUHAN_SOLO_105	REF_TELEPORT_MUHAN_GATE	STRING	GATE_MUHAN_SOLO_105_01	
GROUP_MUHAN_SOLO_105	ENTER_LIMIT_CONDITION_ENTRY	STRING	NUM_LIMIT	
GROUP_MUHAN_SOLO_105	ENTER_LIMIT_CONDITION_RE_ENTRY	STRING	ON	
GROUP_MUHAN_PARTY_95	GAME_WORLD_NORMALIZE_TYPE	STRING	GAME_WORLD_NORMALIZE_TYPE_A	
GROUP_MUHAN_PARTY_95	GAMEWORLD_DISAPPEARANCE_TIME	INT32	1800000	
GROUP_MUHAN_PARTY_95	GAMEWORLD_DISAPPEARANCE_TIME	INT32	1200000	
GROUP_MUHAN_PARTY_95	GAMEWORLD_DISAPPEARANCE_TIME	INT32	600000	
GROUP_MUHAN_PARTY_95	GAMEWORLD_DISAPPEARANCE_TIME	INT32	300000	
GROUP_MUHAN_PARTY_95	ENTER_LIMIT_CONDITION_LEVEL_MINIMUM_NUM	INT32	91	
GROUP_MUHAN_PARTY_95	ENTER_LIMIT_CONDITION_LEVEL_MAXIMUM_NUM	INT32	100	
GROUP_MUHAN_PARTY_95	ENTER_LIMIT_CONDITION_ENTRY_MAXIMUM_NUM	INT32	2	
GROUP_MUHAN_PARTY_95	ENTER_LIMIT_CONDITION_PARTY	STRING	ON	
GROUP_MUHAN_PARTY_95	INS_MUHAN_PARTY_95	STRING	ON	
GROUP_MUHAN_PARTY_95	GAMEWORLD_PLAY_END_TIME	INT32	300000	
GROUP_MUHAN_PARTY_95	REF_TELEPORT_MUHAN_GATE	STRING	GATE_MUHAN_PARTY_95_01	
GROUP_MUHAN_PARTY_95	ENTER_LIMIT_CONDITION_ENTRY	STRING	NUM_LIMIT	
GROUP_MUHAN_PARTY_95	ENTER_LIMIT_CONDITION_RE_ENTRY	STRING	ON	
GROUP_MUHAN_PARTY_105	GAME_WORLD_NORMALIZE_TYPE	STRING	GAME_WORLD_NORMALIZE_TYPE_A	
GROUP_MUHAN_PARTY_105	GAMEWORLD_DISAPPEARANCE_TIME	INT32	1800000	
GROUP_MUHAN_PARTY_105	GAMEWORLD_DISAPPEARANCE_TIME	INT32	1200000	
GROUP_MUHAN_PARTY_105	GAMEWORLD_DISAPPEARANCE_TIME	INT32	600000	
GROUP_MUHAN_PARTY_105	GAMEWORLD_DISAPPEARANCE_TIME	INT32	300000	
GROUP_MUHAN_PARTY_105	ENTER_LIMIT_CONDITION_LEVEL_MINIMUM_NUM	INT32	101	
GROUP_MUHAN_PARTY_105	ENTER_LIMIT_CONDITION_LEVEL_MAXIMUM_NUM	INT32	110	
GROUP_MUHAN_PARTY_105	ENTER_LIMIT_CONDITION_ENTRY_MAXIMUM_NUM	INT32	2	
GROUP_MUHAN_PARTY_105	ENTER_LIMIT_CONDITION_PARTY	STRING	ON	
GROUP_MUHAN_PARTY_105	INS_MUHAN_PARTY_105	STRING	ON	
GROUP_MUHAN_PARTY_105	GAMEWORLD_PLAY_END_TIME	INT32	300000	
GROUP_MUHAN_PARTY_105	REF_TELEPORT_MUHAN_GATE	STRING	GATE_MUHAN_PARTY_105_01	
GROUP_MUHAN_PARTY_105	ENTER_LIMIT_CONDITION_ENTRY	STRING	NUM_LIMIT	
GROUP_MUHAN_PARTY_105	ENTER_LIMIT_CONDITION_RE_ENTRY	STRING	ON	
GROUP_MUHAN_SOLO_75	GAME_WORLD_NORMALIZE_TYPE	STRING	GAME_WORLD_NORMALIZE_TYPE_A	
GROUP_MUHAN_SOLO_75	GAMEWORLD_DISAPPEARANCE_TIME	INT32	1800000	
GROUP_MUHAN_SOLO_75	GAMEWORLD_DISAPPEARANCE_TIME	INT32	1200000	
GROUP_MUHAN_SOLO_75	GAMEWORLD_DISAPPEARANCE_TIME	INT32	600000	
GROUP_MUHAN_SOLO_75	GAMEWORLD_DISAPPEARANCE_TIME	INT32	300000	
GROUP_MUHAN_SOLO_75	ENTER_LIMIT_CONDITION_LEVEL_MINIMUM_NUM	INT32	71	
GROUP_MUHAN_SOLO_75	ENTER_LIMIT_CONDITION_LEVEL_MAXIMUM_NUM	INT32	80	
GROUP_MUHAN_SOLO_75	ENTER_LIMIT_CONDITION_ENTRY_MAXIMUM_NUM	INT32	2	
GROUP_MUHAN_SOLO_75	ENTER_LIMIT_CONDITION_SOLO_N_PARTY	STRING	ON	
GROUP_MUHAN_SOLO_75	INS_MUHAN_SOLO_75	STRING	ON	
GROUP_MUHAN_SOLO_75	GAMEWORLD_PLAY_END_TIME	INT32	300000	
GROUP_MUHAN_SOLO_75	REF_TELEPORT_MUHAN_GATE	STRING	GATE_MUHAN_SOLO_75_01	
GROUP_MUHAN_SOLO_75	ENTER_LIMIT_CONDITION_ENTRY	STRING	NUM_LIMIT	
GROUP_MUHAN_SOLO_75	ENTER_LIMIT_CONDITION_RE_ENTRY	STRING	ON	
GROUP_MUHAN_SOLO_85	GAME_WORLD_NORMALIZE_TYPE	STRING	GAME_WORLD_NORMALIZE_TYPE_A	
GROUP_MUHAN_SOLO_85	GAMEWORLD_DISAPPEARANCE_TIME	INT32	1800000	
GROUP_MUHAN_SOLO_85	GAMEWORLD_DISAPPEARANCE_TIME	INT32	1200000	
GROUP_MUHAN_SOLO_85	GAMEWORLD_DISAPPEARANCE_TIME	INT32	600000	
GROUP_MUHAN_SOLO_85	GAMEWORLD_DISAPPEARANCE_TIME	INT32	300000	
GROUP_MUHAN_SOLO_85	ENTER_LIMIT_CONDITION_LEVEL_MINIMUM_NUM	INT32	81	
GROUP_MUHAN_SOLO_85	ENTER_LIMIT_CONDITION_LEVEL_MAXIMUM_NUM	INT32	90	
GROUP_MUHAN_SOLO_85	ENTER_LIMIT_CONDITION_ENTRY_MAXIMUM_NUM	INT32	2	
GROUP_MUHAN_SOLO_85	ENTER_LIMIT_CONDITION_SOLO_N_PARTY	STRING	ON	
GROUP_MUHAN_SOLO_85	INS_MUHAN_SOLO_85	STRING	ON	
GROUP_MUHAN_SOLO_85	GAMEWORLD_PLAY_END_TIME	INT32	300000	
GROUP_MUHAN_SOLO_85	REF_TELEPORT_MUHAN_GATE	STRING	GATE_MUHAN_SOLO_85_01	
GROUP_MUHAN_SOLO_85	ENTER_LIMIT_CONDITION_ENTRY	STRING	NUM_LIMIT	
GROUP_MUHAN_SOLO_85	ENTER_LIMIT_CONDITION_RE_ENTRY	STRING	ON	
GROUP_MUHAN_PARTY_75	GAME_WORLD_NORMALIZE_TYPE	STRING	GAME_WORLD_NORMALIZE_TYPE_A	
GROUP_MUHAN_PARTY_75	GAMEWORLD_DISAPPEARANCE_TIME	INT32	1800000	
GROUP_MUHAN_PARTY_75	GAMEWORLD_DISAPPEARANCE_TIME	INT32	1200000	
GROUP_MUHAN_PARTY_75	GAMEWORLD_DISAPPEARANCE_TIME	INT32	600000	
GROUP_MUHAN_PARTY_75	GAMEWORLD_DISAPPEARANCE_TIME	INT32	300000	
GROUP_MUHAN_PARTY_75	ENTER_LIMIT_CONDITION_LEVEL_MINIMUM_NUM	INT32	71	
GROUP_MUHAN_PARTY_75	ENTER_LIMIT_CONDITION_LEVEL_MAXIMUM_NUM	INT32	80	
GROUP_MUHAN_PARTY_75	ENTER_LIMIT_CONDITION_ENTRY_MAXIMUM_NUM	INT32	2	
GROUP_MUHAN_PARTY_75	ENTER_LIMIT_CONDITION_PARTY	STRING	ON	
GROUP_MUHAN_PARTY_75	INS_MUHAN_PARTY_75	STRING	ON	
GROUP_MUHAN_PARTY_75	GAMEWORLD_PLAY_END_TIME	INT32	300000	
GROUP_MUHAN_PARTY_75	REF_TELEPORT_MUHAN_GATE	STRING	GATE_MUHAN_PARTY_75_01	
GROUP_MUHAN_PARTY_75	ENTER_LIMIT_CONDITION_ENTRY	STRING	NUM_LIMIT	
GROUP_MUHAN_PARTY_75	ENTER_LIMIT_CONDITION_RE_ENTRY	STRING	ON	
GROUP_MUHAN_PARTY_85	GAME_WORLD_NORMALIZE_TYPE	STRING	GAME_WORLD_NORMALIZE_TYPE_A	
GROUP_MUHAN_PARTY_85	GAMEWORLD_DISAPPEARANCE_TIME	INT32	1800000	
GROUP_MUHAN_PARTY_85	GAMEWORLD_DISAPPEARANCE_TIME	INT32	1200000	
GROUP_MUHAN_PARTY_85	GAMEWORLD_DISAPPEARANCE_TIME	INT32	600000	
GROUP_MUHAN_PARTY_85	GAMEWORLD_DISAPPEARANCE_TIME	INT32	300000	
GROUP_MUHAN_PARTY_85	ENTER_LIMIT_CONDITION_LEVEL_MINIMUM_NUM	INT32	81	
GROUP_MUHAN_PARTY_85	ENTER_LIMIT_CONDITION_LEVEL_MAXIMUM_NUM	INT32	90	
GROUP_MUHAN_PARTY_85	ENTER_LIMIT_CONDITION_ENTRY_MAXIMUM_NUM	INT32	2	
GROUP_MUHAN_PARTY_85	ENTER_LIMIT_CONDITION_PARTY	STRING	ON	
GROUP_MUHAN_PARTY_85	INS_MUHAN_PARTY_85	STRING	ON	
GROUP_MUHAN_PARTY_85	GAMEWORLD_PLAY_END_TIME	INT32	300000	
GROUP_MUHAN_PARTY_85	REF_TELEPORT_MUHAN_GATE	STRING	GATE_MUHAN_PARTY_85_01	
GROUP_MUHAN_PARTY_85	ENTER_LIMIT_CONDITION_ENTRY	STRING	NUM_LIMIT	
GROUP_MUHAN_PARTY_85	ENTER_LIMIT_CONDITION_RE_ENTRY	STRING	ON	
GROUP_ARABIA_DUNGEON	GAME_WORLD_NORMALIZE_TYPE	STRING	GAME_WORLD_NORMALIZE_TYPE_A	
GROUP_ARABIA_DUNGEON	ENTER_LIMIT_CONDITION_LEVEL_MINIMUM_NUM	INT32	123	
GROUP_ARABIA_DUNGEON	GAMEWORLD_DISAPPEARANCE_TIME	INT32	1800000	
GROUP_ARABIA_DUNGEON	GAMEWORLD_DISAPPEARANCE_TIME	INT32	1200000	
GROUP_ARABIA_DUNGEON	GAMEWORLD_DISAPPEARANCE_TIME	INT32	600000	
GROUP_ARABIA_DUNGEON	GAMEWORLD_DISAPPEARANCE_TIME	INT32	300000	
GROUP_ARABIA_DUNGEON	DUNGEON_TICKET	STRING	ITEM_CODE(???? ??)	
GROUP_ARABIA_DUNGEON	ENTER_LIMIT_CONDITION_ENTRY_MAXIMUM_NUM	INT32	3	
GROUP_ARABIA_DUNGEON	ENTER_LIMIT_CONDITION_FRPVP_VOUCHER_TAKE_OFF	STRING	ON	
GROUP_ARABIA_DUNGEON	ENTERWORLD_LIMIT_CONDITION_FLEAMARKET	STRING	ON	
GROUP_ARABIA_DUNGEON	ENTER_LIMIT_CONDITION_RIDE_COS_NOT_RIDING	STRING	ON	
GROUP_ARABIA_DUNGEON	ENTER_LIMIT_CONDITION_TRADE_COS_NOT_RIDING	STRING	ON	
GROUP_ARABIA_DUNGEON	CONTROL_NOTIFY_SPAWN_UNIQUE_MONSTER_MSG	STRING	ON	
GROUP_ARABIA_DUNGEON	ENTER_LIMIT_CONDITION_REENTRY	STRING	ON	
GROUP_ARABIA_DUNGEON	ENTER_LIMIT_CONDITION_JOB_CLOTHES_TAKE_OFF	STRING	ON	
GROUP_ARABIA_DUNGEON	ENTER_LIMIT_CONDITION_PARTY	STRING	ON	
GROUP_ARABIA_DUNGEON	ENTERWORLD_LIMIT_CONDITION_TRADE	STRING	ON	
GROUP_ARABIA_FIELD_02_BOSS	GAME_WORLD_NORMALIZE_TYPE	STRING	GAME_WORLD_NORMALIZE_TYPE_A	
GROUP_ARABIA_FIELD_02_BOSS	ENTER_LIMIT_CONDITION_LEVEL_MINIMUM_NUM	INT32	123	
GROUP_ARABIA_FIELD_02_BOSS	GAMEWORLD_DISAPPEARANCE_TIME	INT32	1800000	
GROUP_ARABIA_FIELD_02_BOSS	GAMEWORLD_DISAPPEARANCE_TIME	INT32	1200000	
GROUP_ARABIA_FIELD_02_BOSS	GAMEWORLD_DISAPPEARANCE_TIME	INT32	600000	
GROUP_ARABIA_FIELD_02_BOSS	GAMEWORLD_DISAPPEARANCE_TIME	INT32	300000	
GROUP_ARABIA_FIELD_02_BOSS	DUNGEON_TICKET	STRING	ITEM_CODE(???? ??)	
GROUP_ARABIA_FIELD_02_BOSS	ENTER_LIMIT_CONDITION_ENTRY_MAXIMUM_NUM	INT32	3	
GROUP_ARABIA_FIELD_02_BOSS	ENTER_LIMIT_CONDITION_FRPVP_VOUCHER_TAKE_OFF	STRING	ON	
GROUP_ARABIA_FIELD_02_BOSS	ENTERWORLD_LIMIT_CONDITION_FLEAMARKET	STRING	ON	
GROUP_ARABIA_FIELD_02_BOSS	ENTER_LIMIT_CONDITION_RIDE_COS_NOT_RIDING	STRING	ON	
GROUP_ARABIA_FIELD_02_BOSS	ENTER_LIMIT_CONDITION_TRADE_COS_NOT_RIDING	STRING	ON	
GROUP_ARABIA_FIELD_02_BOSS	CONTROL_NOTIFY_SPAWN_UNIQUE_MONSTER_MSG	STRING	ON	
GROUP_ARABIA_FIELD_02_BOSS	ENTER_LIMIT_CONDITION_REENTRY	STRING	ON	
GROUP_ARABIA_FIELD_02_BOSS	ENTER_LIMIT_CONDITION_JOB_CLOTHES_TAKE_OFF	STRING	ON	
GROUP_ARABIA_FIELD_02_BOSS	ENTER_LIMIT_CONDITION_PARTY	STRING	ON	
GROUP_ARABIA_FIELD_02_BOSS	ENTERWORLD_LIMIT_CONDITION_TRADE	STRING	ON	
GROUP_ARABIA_GARDEN	GAME_WORLD_NORMALIZE_TYPE	STRING	GAME_WORLD_NORMALIZE_TYPE_A	
GROUP_ARABIA_GARDEN	ENTER_LIMIT_CONDITION_ENTRY	STRING	NUM_LIMIT	
GROUP_ARABIA_GARDEN	ENTER_LIMIT_CONDITION_PARTY	STRING	ON	
GROUP_ARABIA_GARDEN	ENTER_LIMIT_CONDITION_LEVEL_MINIMUM_NUM	INT32	135	
GROUP_ARABIA_GARDEN	ENTER_LIMIT_CONDITION_ENTRY_MAXIMUM_NUM	INT32	3	
GROUP_ARABIA_GARDEN	ENTER_LIMIT_CONDITION_REENTRY	STRING	ON	
GROUP_ARABIA_GARDEN	ENTER_LIMIT_CONDITION_JOB_CLOTHES_TAKE_OFF	STRING	ON	
GROUP_ARABIA_GARDEN	ENTER_LIMIT_CONDITION_RIDE_COS_NOT_RIDING	STRING	ON	
GROUP_ARABIA_GARDEN	ENTER_LIMIT_CONDITION_TRADE_COS_NOT_RIDING	STRING	ON	
GROUP_ARABIA_GARDEN	REF_GAME_WORLD_NPC	STRING	INS_ARABIA_GARDEN	
GROUP_ARABIA_GARDEN	ENTER_LIMIT_CONDITION_GAME_WORLD_ASSIGNED	STRING	ON	
GROUP_ARABIA_GARDEN	PARTYMONSTER_SPAWN	STRING	OFF	
GROUP_ARABIA_GARDEN	ENTER_LIMIT_CONDITION_FRPVP_VOUCHER_TAKE_OFF	STRING	ON	
GROUP_ARABIA_GARDEN	ENTER_LIMIT_CONDITION_ENTRY_ADDITIONAL1_ITEM	STRING	ITEM_PRE_SILVERTAM_4W	
GROUP_ARABIA_GARDEN	ENTER_LIMIT_CONDITION_ENTRY_ADDITIONAL1_NUM	INT32	1	
GROUP_ARABIA_GARDEN	ENTER_LIMIT_CONDITION_ENTRY_ADDITIONAL2_ITEM	STRING	ITEM_PRE_GOLTAM_4W	
GROUP_ARABIA_GARDEN	ENTER_LIMIT_CONDITION_ENTRY_ADDITIONAL2_NUM	INT32	1	
GROUP_ARABIA_GARDEN	ENTER_LIMIT_CONDITION_ENTRY_ADDITIONAL3_ITEM	STRING	ITEM_MALL_PREMIUM_GLORY_GOLDTIME_PLUS	
GROUP_ARABIA_GARDEN	ENTER_LIMIT_CONDITION_ENTRY_ADDITIONAL3_NUM	INT32	3	
GROUP_ARABIA_GARDEN	ENTER_LIMIT_CONDITION_ENTRY_ADDITIONAL4_ITEM	STRING	ITEM_MALL_EXPERT_PACKAGE_SERVICE_GLOBAL	
GROUP_ARABIA_GARDEN	ENTER_LIMIT_CONDITION_ENTRY_ADDITIONAL4_NUM	INT32	1	
GROUP_ARABIA_GARDEN	ENTER_LIMIT_CONDITION_ENTRY_ADDITIONAL5_ITEM	STRING	ITEM_PRE_MALL_EXPERT_PACKAGE_SERVICE_GLOBAL	
GROUP_ARABIA_GARDEN	ENTER_LIMIT_CONDITION_ENTRY_ADDITIONAL5_NUM	INT32	1	
GROUP_ARABIA_GARDEN	DUNGEON_TICKET	STRING	ITEM_MALL_DUNGEON_FREE_TICKET_ARABIA_DUNGEON	
GROUP_ARABIA_GARDEN	DUNGEON_TICKET	STRING	ITEM_PRE_MALL_DUNGEON_FREE_TICKET_ARABIA_DUNGEON	
GROUP_ARABIA_GARDEN	GAMEWORLD_DISAPPEARANCE_TIME	INT32	1800000	
GROUP_ARABIA_GARDEN	GAMEWORLD_DISAPPEARANCE_TIME	INT32	600000	
GROUP_ARABIA_GARDEN	GAMEWORLD_DISAPPEARANCE_TIME	INT32	300000	
GROUP_ARABIA_GARDEN	CONTROL_NOTIFY_SPAWN_UNIQUE_MONSTER_MSG	STRING	ON	
GROUP_ARABIA_PETRA	GAME_WORLD_NORMALIZE_TYPE	STRING	GAME_WORLD_NORMALIZE_TYPE_A	
GROUP_ARABIA_PETRA	ENTER_LIMIT_CONDITION_ENTRY	STRING	NUM_LIMIT	
GROUP_ARABIA_PETRA	ENTER_LIMIT_CONDITION_PARTY	STRING	ON	
GROUP_ARABIA_PETRA	ENTER_LIMIT_CONDITION_LEVEL_MINIMUM_NUM	INT32	135	
GROUP_ARABIA_PETRA	ENTER_LIMIT_CONDITION_ENTRY_MAXIMUM_NUM	INT32	3	
GROUP_ARABIA_PETRA	ENTER_LIMIT_CONDITION_REENTRY	STRING	ON	
GROUP_ARABIA_PETRA	ENTER_LIMIT_CONDITION_JOB_CLOTHES_TAKE_OFF	STRING	ON	
GROUP_ARABIA_PETRA	ENTER_LIMIT_CONDITION_RIDE_COS_NOT_RIDING	STRING	ON	
GROUP_ARABIA_PETRA	ENTER_LIMIT_CONDITION_TRADE_COS_NOT_RIDING	STRING	ON	
GROUP_ARABIA_PETRA	REF_GAME_WORLD_NPC	STRING	INS_ARABIA_GARDEN	
GROUP_ARABIA_PETRA	ENTER_LIMIT_CONDITION_GAME_WORLD_ASSIGNED	STRING	ON	
GROUP_ARABIA_PETRA	PARTYMONSTER_SPAWN	STRING	OFF	
GROUP_ARABIA_PETRA	ENTER_LIMIT_CONDITION_FRPVP_VOUCHER_TAKE_OFF	STRING	ON	
GROUP_ARABIA_PETRA	ENTER_LIMIT_CONDITION_ENTRY_ADDITIONAL1_ITEM	STRING	ITEM_PRE_SILVERTAM_4W	
GROUP_ARABIA_PETRA	ENTER_LIMIT_CONDITION_ENTRY_ADDITIONAL1_NUM	INT32	1	
GROUP_ARABIA_PETRA	ENTER_LIMIT_CONDITION_ENTRY_ADDITIONAL2_ITEM	STRING	ITEM_PRE_GOLTAM_4W	
GROUP_ARABIA_PETRA	ENTER_LIMIT_CONDITION_ENTRY_ADDITIONAL2_NUM	INT32	1	
GROUP_ARABIA_PETRA	ENTER_LIMIT_CONDITION_ENTRY_ADDITIONAL3_ITEM	STRING	ITEM_MALL_PREMIUM_GLORY_GOLDTIME_PLUS	
GROUP_ARABIA_PETRA	ENTER_LIMIT_CONDITION_ENTRY_ADDITIONAL3_NUM	INT32	3	
GROUP_ARABIA_PETRA	ENTER_LIMIT_CONDITION_ENTRY_ADDITIONAL4_ITEM	STRING	ITEM_MALL_EXPERT_PACKAGE_SERVICE_GLOBAL	
GROUP_ARABIA_PETRA	ENTER_LIMIT_CONDITION_ENTRY_ADDITIONAL4_NUM	INT32	1	
GROUP_ARABIA_PETRA	ENTER_LIMIT_CONDITION_ENTRY_ADDITIONAL5_ITEM	STRING	ITEM_PRE_MALL_EXPERT_PACKAGE_SERVICE_GLOBAL	
GROUP_ARABIA_PETRA	ENTER_LIMIT_CONDITION_ENTRY_ADDITIONAL5_NUM	INT32	1	
GROUP_ARABIA_PETRA	DUNGEON_TICKET	STRING	ITEM_MALL_DUNGEON_FREE_TICKET_ARABIA_DUNGEON	
GROUP_ARABIA_PETRA	DUNGEON_TICKET	STRING	ITEM_PRE_MALL_DUNGEON_FREE_TICKET_ARABIA_DUNGEON	
GROUP_ARABIA_PETRA	GAMEWORLD_DISAPPEARANCE_TIME	INT32	1800000	
GROUP_ARABIA_PETRA	GAMEWORLD_DISAPPEARANCE_TIME	INT32	600000	
GROUP_ARABIA_PETRA	GAMEWORLD_DISAPPEARANCE_TIME	INT32	300000	
//A'Dan Z'Ye Silkroad Private Server Editleri
