refid	key	variant	status	spawn_count
10364	res_npc_npc_khotanquest_minister	0	PROVEN	4
14926	res_mob_asiam_crab	0	PROVEN	65
14927	res_mob_asiam_rogue	0	PROVEN	52
14929	res_mob_asiam_wolf	0	PROVEN	144
14931	res_mob_asiam_archer	0	PROVEN	95
14933	res_mob_asiam_soldier	0	PROVEN	103
14935	res_mob_asiam_punisher	0	PROVEN	113
14936	res_mob_asiam_ivy	0	PROVEN	8
14938	res_mob_casia_peryton	0	PROVEN	113
14943	res_mob_casia_hunarcher	0	PROVEN	170
14944	res_mob_casia_hunlancer	0	PROVEN	169
14946	res_mob_casia_monkey	0	PROVEN	119
14948	res_mob_casia_golem	0	PROVEN	100
14949	res_mob_qinshi_tombsoldier	0	PROVEN	39
14950	res_mob_qinshi_qinshitombstone	0	PROVEN	19
14951	res_mob_qinshi_tombsoldier	0	PROVEN	39
14952	res_mob_qinshi_qinshitombstone	0	PROVEN	19
14953	res_mob_qinshi_tombsoldier	0	PROVEN	39
14954	res_mob_qinshi_tombarcher	0	PROVEN	53
14955	res_mob_qinshi_qinshitombstone	0	PROVEN	19
14956	res_mob_qinshi_tombarcher	0	PROVEN	53
14957	res_mob_qinshi_tombstoneghost	0	PROVEN	130
14958	res_mob_qinshi_tombarcher	0	PROVEN	53
14959	res_mob_qinshi_tombstoneghost	0	PROVEN	130
14960	res_mob_qinshi_royalsoldier	0	PROVEN	68
14961	res_mob_qinshi_tombstoneghost	0	PROVEN	130
14962	res_mob_qinshi_royalsoldier	0	PROVEN	68
14963	res_mob_qinshi_royalsoldier	0	PROVEN	68
14964	res_mob_qinshi_tombbugghost	0	PROVEN	160
14965	res_mob_qinshi_snakeslave	0	PROVEN	90
14966	res_mob_qinshi_tombbugghost	0	PROVEN	160
14967	res_mob_qinshi_snakewoman	0	PROVEN	197
14968	res_mob_qinshi_tombbugghost	0	PROVEN	160
14969	res_mob_qinshi_snakeslave	0	PROVEN	90
14970	res_mob_qinshi_snakewoman	0	PROVEN	197
14971	res_mob_qinshi_snakedemon	0	PROVEN	111
14972	res_mob_qinshi_snakeslave	0	PROVEN	90
14973	res_mob_qinshi_snakedemon	0	PROVEN	111
14974	res_mob_qinshi_snakeman	0	PROVEN	176
14975	res_mob_qinshi_snakewoman	0	PROVEN	197
14976	res_mob_qinshi_snakeman	0	PROVEN	176
14977	res_mob_qinshi_snakedemon	0	PROVEN	111
14978	res_mob_qinshi_snakeman	0	PROVEN	176
14983	res_mob_qinshi_tombgeneral	0	PROVEN	4
14984	res_mob_qinshi_tombgeneral	0	PROVEN	4
14985	res_mob_qinshi_tombgeneral	0	PROVEN	4
14986	res_mob_qinshi_tombgeneral	0	PROVEN	4
14987	res_mob_qinshi_snakegeneral	0	PROVEN	5
14988	res_mob_qinshi_snakegeneral	0	PROVEN	5
14989	res_mob_qinshi_snakegeneral	0	PROVEN	5
14990	res_mob_qinshi_snakegeneral	0	PROVEN	5
14991	res_mob_qinshi_northguardian	0	PROVEN	1
14992	res_mob_qinshi_southguardian	0	PROVEN	1
14993	res_mob_qinshi_westguardian	0	PROVEN	1
14994	res_mob_qinshi_eastguardian	0	PROVEN	1
14995	res_mob_qinshi_blacksnake	0	PROVEN	1
14997	res_mob_qinshi_whitesnake	0	PROVEN	1
14998	res_mob_qinshi_qinshitrap	0	PROVEN	216
14999	res_mob_qinshi_qinshitrap	0	PROVEN	216
15000	res_mob_qinshi_qinshitrap	0	PROVEN	216
15001	res_mob_qinshi_qinshitrap	0	PROVEN	216
15002	res_mob_qinshi_qinshitrap	0	PROVEN	216
15003	res_mob_qinshi_qinshitrap	0	PROVEN	216
15004	res_mob_qinshi_snaketrap	0	PROVEN	336
15005	res_mob_qinshi_snaketrap	0	PROVEN	336
15006	res_mob_qinshi_snaketrap	0	PROVEN	336
15007	res_mob_qinshi_snaketrap	0	PROVEN	336
15008	res_mob_qinshi_snaketrap	0	PROVEN	336
15009	res_mob_qinshi_snaketrap	0	PROVEN	336
1933	res_mob_china_mangnyang	0	PROVEN	55
1935	res_mob_china_bigeyeghost	0	PROVEN	37
1937	res_mob_china_gyo	0	PROVEN	30
1939	res_mob_china_waterghost	0	PROVEN	31
1941	res_mob_china_stoneghost	0	PROVEN	36
1943	res_mob_china_yeoha	0	PROVEN	26
1945	res_mob_china_banditarcher	0	PROVEN	29
1947	res_mob_china_tiger	0	PROVEN	34
1949	res_mob_china_bandit	0	PROVEN	60
19495	res_npc_npc_khotanshop_designer	0	PROVEN	6
19496	res_npc_npc_easteuropequest_lipria	0	PROVEN	3
19497	res_npc_npc_easteuropequest_lipria	0	PROVEN	3
19498	res_npc_npc_chinaquest_merchant_sword	0	PROVEN	4
19499	res_npc_npc_chinaquest_merchant_sword	0	PROVEN	4
19500	res_npc_npc_chinaquest_merchant_spear	0	PROVEN	3
19501	res_npc_npc_chinashop_smith	0	PROVEN	3
19502	res_npc_npc_chinasystem_bookmakerman	0	PROVEN	2
1951	res_mob_china_tombstone	0	PROVEN	35
1953	res_mob_china_whitetiger	0	PROVEN	30
1954	res_mob_china_tigerwoman	0	PROVEN	11
19551	res_artifact_guild_pulley_gate_pulley	0	UNKNOWN	12
19552	res_artifact_guild_pulley_gate_pulley	0	UNKNOWN	12
19553	res_artifact_guild_pulley_gate_pulley	0	UNKNOWN	12
1956	res_mob_china_chakji	0	PROVEN	27
1958	res_mob_wchina_ghostbug	0	PROVEN	20
1960	res_mob_wchina_devilbug	0	PROVEN	20
1963	res_mob_wchina_earthghost	0	PROVEN	65
1965	res_mob_wchina_gunpowderghost	0	PROVEN	62
1966	res_mob_wchina_earthking	0	PROVEN	27
1968	res_mob_wchina_demonhorse	0	PROVEN	46
1970	res_mob_wchina_hyeongcheon	0	PROVEN	30
1971	res_mob_dunhuang_bugghost	0	PROVEN	4
1972	res_mob_dunhuang_workearthghost	0	PROVEN	32
1973	res_mob_dunhuang_soldierearthghost	0	PROVEN	32
1974	res_mob_dunhuang_blindmon	0	PROVEN	4
1975	res_mob_dunhuang_yacha	0	PROVEN	4
1976	res_mob_dunhuang_nachal	0	PROVEN	10
1977	res_mob_oasis_scorpion	0	PROVEN	25
1978	res_mob_oasis_ong	0	PROVEN	44
1979	res_mob_oasis_deserttrunkz	0	PROVEN	66
1980	res_mob_oasis_blackrobber	0	PROVEN	45
1981	res_mob_oasis_blackrobberarcher	0	PROVEN	47
1982	res_mob_oasis_uruchi	0	PROVEN	11
1983	res_mob_oasis_redeyeghost	0	PROVEN	6
1984	res_mob_oasis_redscorpion	0	PROVEN	8
1987	res_mob_khotan_bunwang	0	PROVEN	40
1990	res_mob_khotan_whitespider	0	PROVEN	44
1991	res_mob_khotan_mujigi	0	PROVEN	23
1995	res_mob_karakoram_gwhitespider	0	PROVEN	31
1996	res_mob_karakoram_yeti	0	PROVEN	44
2002	res_mob_karakoram_isyutaru	0	PROVEN	11
2003	res_npc_npc_chinashop_smith	0	PROVEN	3
2004	res_npc_npc_chinashop_dignifiedgirl	0	PROVEN	1
2005	res_npc_npc_chinashop_herbalistman	0	PROVEN	1
2008	res_npc_npc_chinashop_accessoryshopgirl	0	PROVEN	2
2009	res_npc_npc_chinashop_stableman	0	PROVEN	1
2010	res_npc_npc_chinashop_spacialmerchant	0	PROVEN	2
2011	res_npc_npc_chinasystem_boatman1	0	PROVEN	2
2013	res_npc_npc_chinasystem_warehousekeeper	0	PROVEN	1
2014	res_npc_npc_chinasystem_warehousekeeper_woman	0	PROVEN	1
2015	res_npc_npc_chinasystem_bookmakergirl	0	PROVEN	1
2016	res_npc_npc_chinasystem_bookmakerman	0	PROVEN	2
2017	res_npc_npc_chinasystem_shaman	0	PROVEN	1
2018	res_npc_npc_chinaquest_villageheadman	0	PROVEN	1
2019	res_npc_npc_chinaquest_merchant	0	PROVEN	1
2020	res_npc_npc_chinaquest_merchant_sword	0	PROVEN	4
2021	res_npc_npc_chinaquest_merchant_spear	0	PROVEN	3
2022	res_npc_npc_chinaquest_merchant_bow	0	PROVEN	1
2023	res_npc_npc_chinaquest_priest	0	PROVEN	1
2027	res_npc_npc_chinaquest_doctor	0	PROVEN	1
2028	res_npc_npc_chinaetc_islamman	0	PROVEN	1
2029	res_npc_npc_chinaetc_europegirl	0	PROVEN	1
2030	res_npc_npc_chinaetc_indiapriest	0	PROVEN	1
2031	res_npc_npc_chinaetc_soldierpalace1	0	PROVEN	1
2032	res_npc_npc_chinaetc_soldierpalace2	0	PROVEN	1
2033	res_npc_npc_chinaetc_soldiereast1	0	PROVEN	1
2034	res_npc_npc_chinaetc_soldiereast2	0	PROVEN	1
2035	res_npc_npc_chinaetc_soldierwest1	0	PROVEN	1
2036	res_npc_npc_chinaetc_soldierwest2	0	PROVEN	1
2037	res_npc_npc_chinaetc_soldiersouth1	0	PROVEN	1
2038	res_npc_npc_chinaetc_soldiersouth2	0	PROVEN	1
2039	res_npc_npc_chinaetc_slumboy	0	PROVEN	1
2040	res_npc_npc_chinaetc_gamblingplaceman	0	PROVEN	1
2041	res_npc_npc_chinaetc_kisaeng1	0	PROVEN	1
2042	res_npc_npc_chinaetc_kisaeng2	0	PROVEN	1
2043	res_npc_npc_chinaetc_kisaeng3	0	PROVEN	1
2044	res_npc_npc_chinaetc_kisaeng4	0	PROVEN	1
2045	res_npc_npc_chinaetc_kisaeng5	0	PROVEN	1
2046	res_npc_npc_chinaetc_kisaeng6	0	PROVEN	1
2051	res_npc_npc_westchinashop_smith	0	PROVEN	1
2052	res_npc_npc_westchinashop_armorshopgirl	0	PROVEN	1
2053	res_npc_npc_westchinashop_herbalistman	0	PROVEN	8
2054	res_npc_npc_westchinashop_accessoryshopgirl	0	PROVEN	2
2055	res_npc_npc_westchinashop_stableman	0	PROVEN	1
2056	res_npc_npc_westchinasystem_boatman1	0	PROVEN	4
2057	res_npc_npc_westchinasystem_warehousekeeper	0	PROVEN	1
2058	res_npc_npc_westchinasystem_warehousekeeper_woman	0	PROVEN	1
2059	res_npc_npc_westchinaquest_oldman	0	PROVEN	1
2060	res_npc_npc_westchinaquest_priest	0	PROVEN	1
2061	res_npc_npc_westchinaquest_hyunjang	0	PROVEN	1
2062	res_npc_npc_westchinaquest_merchant_sword	0	PROVEN	2
2063	res_npc_npc_westchinaquest_merchant_spear	0	PROVEN	1
2064	res_npc_npc_westchinaquest_merchant_bow	0	PROVEN	1
2065	res_npc_npc_westchinaquest_doctor	0	PROVEN	1
2066	res_npc_npc_westchinaetc_soldiereast1	0	PROVEN	1
2067	res_npc_npc_westchinaetc_soldiereast2	0	PROVEN	1
2068	res_npc_npc_westchinaetc_soldierwest1	0	PROVEN	1
2069	res_npc_npc_westchinaetc_soldierwest2	0	PROVEN	1
2070	res_npc_npc_westchinaetc_soldiersouth1	0	PROVEN	1
2071	res_npc_npc_westchinaetc_maintemplepriest	0	PROVEN	1
2072	res_npc_npc_khotanshop_smith	0	PROVEN	2
2073	res_npc_npc_khotanshop_armor	0	PROVEN	1
2074	res_npc_npc_khotanshop_veilgirl	0	PROVEN	2
2075	res_npc_npc_khotanshop_craftsman	0	PROVEN	2
2076	res_npc_npc_khotanshop_stableman	0	PROVEN	1
2077	res_npc_npc_khotanshop_spacialmerchant	0	PROVEN	4
2078	res_npc_npc_khotanshop_designer	0	PROVEN	6
2079	res_npc_npc_khotansystem_turtleshipticketagent	0	PROVEN	3
2083	res_npc_npc_khotansystem_warehousekeeper	0	PROVEN	1
2084	res_npc_npc_khotanquest_refiner	0	PROVEN	1
2085	res_npc_npc_khotanquest_minister	0	PROVEN	4
2086	res_npc_npc_khotanetc_soldierpalace	0	PROVEN	1
2087	res_npc_npc_khotanetc_soldierpalace2	0	PROVEN	1
2088	res_npc_npc_khotanetc_soldiereast	0	PROVEN	1
2089	res_npc_npc_khotanetc_soldiereast2	0	PROVEN	1
2090	res_npc_npc_khotanetc_soldierwest	0	PROVEN	1
2091	res_npc_npc_khotanetc_soldierwest2	0	PROVEN	1
2092	res_npc_npc_khotanetc_soldiersouth	0	PROVEN	1
2093	res_npc_npc_khotanetc_soldiersouth2	0	PROVEN	1
2097	res_mob_wchina_hyungno	0	PROVEN	26
2105	res_mob_oasis_yeowa	0	PROVEN	16
2111	res_mob_karakoram_ishade	0	PROVEN	94
2114	res_mob_karakoram_spider	0	PROVEN	31
2119	res_npc_npc_chinasystem_boatman1	0	PROVEN	2
2120	res_npc_npc_westchinasystem_boatman1	0	PROVEN	4
2125	res_mob_karakoram_planar	0	PROVEN	21
2126	res_mob_karakoram_penon_f	0	PROVEN	31
2127	res_mob_karakoram_penon_w	0	PROVEN	44
21478	res_mob_fortress_fw_taese	0	PROVEN	6
21483	res_mob_fortress_fw_taese	0	PROVEN	6
2177	res_npc_npc_thiefden_thief_d	0	PROVEN	3
2178	res_npc_npc_thiefden_thief_e	0	PROVEN	2
2179	res_npc_npc_thiefden_thief_a	0	PROVEN	2
2180	res_npc_npc_thiefden_thief_c	0	PROVEN	1
2181	res_npc_npc_thiefden_thief_a	0	PROVEN	2
2182	res_npc_npc_thiefden_thief_b	0	PROVEN	1
22188	res_mob_fortress_fw_hyeongcheon	0	PROVEN	6
22193	res_mob_fortress_fw_hyeongcheon	0	PROVEN	6
22298	res_mob_fortress_fw_mujigi	0	PROVEN	19
22303	res_mob_fortress_fw_mujigi	0	PROVEN	19
22338	res_mob_fortress_fw_mujigi	0	PROVEN	19
22343	res_mob_fortress_fw_mujigi	0	PROVEN	19
22588	res_mob_fortress_fw_battlegolem	0	PROVEN	6
22593	res_mob_fortress_fw_battlegolem	0	PROVEN	6
22659	res_npc_npc_chinaquest_merchant_sword	0	PROVEN	4
22660	res_npc_npc_chinaquest_merchant_spear	0	PROVEN	3
22661	res_npc_npc_chinashop_smith	0	PROVEN	3
22672	res_npc_npc_khotanshop_craftsman	0	PROVEN	2
22673	res_npc_npc_khotanquest_minister	0	PROVEN	4
22674	res_npc_npc_chinaetc_islamman	0	PROVEN	1
22675	res_npc_npc_khotanshop_smith	0	PROVEN	2
22676	res_npc_npc_khotansystem_boatman	0	PROVEN	1
22677	res_npc_npc_easteuropesystem_portmanager	0	PROVEN	3
22678	res_npc_npc_easteuropesystem_portmanager	0	PROVEN	3
22679	res_npc_npc_easteuropesystem_hunterunion	0	PROVEN	3
22680	res_npc_npc_easteuropeshop_smith	0	PROVEN	2
22681	res_npc_npc_easteuropeshop_stable	0	PROVEN	2
22867	res_npc_npc_chinaetc_qinshiquest	0	PROVEN	1
22868	res_npc_npc_treasurebox	0	PROVEN	4
22869	res_npc_npc_treasurebox	0	PROVEN	4
22870	res_npc_npc_treasurebox	0	PROVEN	4
22871	res_npc_npc_treasurebox	0	PROVEN	4
23935	res_artifact_guild_pulley_gate_pulley	0	UNKNOWN	12
23936	res_artifact_guild_pulley_gate_pulley	0	UNKNOWN	12
24162	res_artifact_guild_pulley_gate_pulley	0	UNKNOWN	12
24163	res_artifact_guild_pulley_gate_pulley	0	UNKNOWN	12
24164	res_artifact_guild_pulley_gate_pulley	0	UNKNOWN	12
24642	res_npc_sd_sd_arena_manager	0	PROVEN	7
24643	res_npc_sd_sd_arena_changer	0	PROVEN	1
26738	res_mob_sd_seth	0	PROVEN	1
26738	res_mob_sd_seth_t2	1	PROVEN	0
26738	res_mob_sd_seth_t3	2	PROVEN	0
26791	res_npc_sd_sd_m_area_smith	0	PROVEN	1
26792	res_npc_sd_sd_m_area_potion	0	PROVEN	1
26794	res_npc_sd_sd_m_area_special	0	PROVEN	1
26795	res_npc_sd_sd_m_area_warehouse	0	PROVEN	1
26796	res_npc_sd_sd_m_area_guild	0	PROVEN	1
26797	res_npc_sd_sd_m_area_lighthouse	0	PROVEN	1
26798	res_npc_sd_sd_m_area_horse	0	PROVEN	1
26799	res_npc_sd_sd_m_area_ferry	0	PROVEN	1
26800	res_npc_sd_sd_m_area_merchant	0	PROVEN	1
26801	res_npc_sd_sd_m_area_hunter	0	PROVEN	1
26802	res_npc_sd_sd_m_area_ahha	0	PROVEN	1
26803	res_npc_sd_sd_m_area_eyptsolider_1	0	PROVEN	2
26804	res_npc_sd_sd_m_area_eyptsolider_1	0	PROVEN	2
26805	res_npc_sd_sd_m_area_eyptsolider_2	0	PROVEN	2
26806	res_npc_sd_sd_m_area_eyptsolider_3	0	PROVEN	2
26807	res_npc_sd_sd_m_area_eyptsolider_2	0	PROVEN	2
26808	res_npc_sd_sd_m_area_eyptsolider_3	0	PROVEN	2
26809	res_npc_sd_sd_m_area_waterman_1	0	PROVEN	2
26810	res_npc_sd_sd_m_area_waterman_2	0	PROVEN	3
26811	res_npc_sd_sd_m_area_special2	0	PROVEN	1
26812	res_npc_sd_sd_m_area_special3	0	PROVEN	1
26813	res_npc_sd_sd_m_area_senmute	0	PROVEN	1
26815	res_npc_sd_sd_m_area_lenenune	0	PROVEN	1
26816	res_npc_sd_sd_m_area_maneto	0	PROVEN	1
26817	res_npc_sd_sd_m_area_berenice	0	PROVEN	1
26818	res_npc_sd_sd_t_area_thief	0	PROVEN	1
26819	res_npc_sd_sd_t_area_guild2	0	PROVEN	1
26820	res_npc_sd_sd_t_area_warehouse2	0	PROVEN	1
26821	res_npc_sd_sd_t_area_smith	0	PROVEN	2
26823	res_npc_sd_sd_t_area_potion	0	PROVEN	1
26824	res_npc_sd_sd_m_area_accessory	0	PROVEN	2
26825	res_npc_sd_sd_t_area_accessory	0	PROVEN	1
26826	res_npc_sd_sd_guild_agent	0	PROVEN	1
26827	res_npc_sd_sd_guild_agent2	0	PROVEN	1
26828	res_npc_sd_sd_merchant_changer	0	PROVEN	1
26829	res_npc_sd_sd_thief_agent_changer	0	PROVEN	1
26830	res_npc_sd_sd_guild_agent3	0	PROVEN	1
26833	res_npc_sd_sd_m_area_mentuhotep_dead	0	PROVEN	1
26908	res_mob_qinshi_tombsoldier	0	PROVEN	39
26914	res_mob_roc_wingtribespear	0	PROVEN	71
26915	res_mob_qinshi_royalsoldier	0	PROVEN	68
26918	res_mob_qinshi_snakeslave	0	PROVEN	90
26924	res_mob_qinshi_snakeman	0	PROVEN	176
26930	res_mob_sd_keisas	0	PROVEN	28
26931	res_mob_sd_hyena	0	PROVEN	111
26933	res_mob_sd_mummy	0	PROVEN	9
26934	res_mob_sd_bastet	0	PROVEN	24
36030	res_npc_npc_open_market_juel	0	PROVEN	4
36031	res_quest_ins_quest_teleport	0	UNKNOWN	41
36032	res_quest_ins_quest_teleport	0	UNKNOWN	41
36033	res_dun_property_com_property_recall	0	UNKNOWN	92
36063	res_mob_god_togui_togui	0	PROVEN	240
36064	res_mob_god_togui_togui	0	PROVEN	240
36065	res_mob_god_togui_togui	0	PROVEN	240
36066	res_mob_god_togui_togui	0	PROVEN	240
36067	res_mob_god_togui_togui	0	PROVEN	240
36068	res_mob_god_togui_togui	0	PROVEN	240
36069	res_mob_god_togui_togui	0	PROVEN	240
36070	res_mob_god_togui_togui	0	PROVEN	240
36071	res_mob_god_togui_togui	0	PROVEN	240
36072	res_mob_god_togui_togui	0	PROVEN	240
36073	res_mob_god_togui_togui	0	PROVEN	240
36074	res_mob_god_togui_togui	0	PROVEN	240
36075	res_mob_god_togui_boom	0	PROVEN	96
36076	res_mob_god_togui_boom	0	PROVEN	96
36077	res_mob_god_togui_boom	0	PROVEN	96
36078	res_mob_god_togui_boom	0	PROVEN	96
36079	res_mob_god_togui_boom	0	PROVEN	96
36080	res_mob_god_togui_boom	0	PROVEN	96
36081	res_mob_god_togui_magic	0	PROVEN	84
36082	res_mob_god_togui_magic	0	PROVEN	84
36083	res_mob_god_togui_magic	0	PROVEN	84
36084	res_mob_god_togui_magic	0	PROVEN	84
36085	res_mob_god_togui_magic	0	PROVEN	84
36086	res_mob_god_togui_magic	0	PROVEN	84
36087	res_mob_god_togui_strong	0	PROVEN	68
36088	res_mob_god_togui_strong	0	PROVEN	68
36089	res_mob_god_togui_strong	0	PROVEN	68
36090	res_mob_god_togui_strong	0	PROVEN	68
36091	res_mob_god_togui_strong	0	PROVEN	68
36092	res_mob_god_togui_strong	0	PROVEN	68
36093	res_mob_god_togui_soldier	0	PROVEN	64
36094	res_mob_god_togui_soldier	0	PROVEN	64
36095	res_mob_god_togui_soldier	0	PROVEN	64
36096	res_mob_god_togui_soldier	0	PROVEN	64
36097	res_mob_god_togui_soldier	0	PROVEN	64
36098	res_mob_god_togui_soldier	0	PROVEN	64
36099	res_mob_god_togui_doll	0	PROVEN	84
36100	res_mob_god_togui_doll	0	PROVEN	84
36101	res_mob_god_togui_doll	0	PROVEN	84
36102	res_mob_god_togui_doll	0	PROVEN	84
36103	res_mob_god_togui_doll	0	PROVEN	84
36104	res_mob_god_togui_doll	0	PROVEN	84
36105	res_mob_god_togui_general	0	PROVEN	24
36106	res_mob_god_togui_general	0	PROVEN	24
36107	res_mob_god_togui_general	0	PROVEN	24
36108	res_mob_god_togui_general	0	PROVEN	24
36109	res_mob_god_togui_general	0	PROVEN	24
36110	res_mob_god_togui_general	0	PROVEN	24
36111	res_mob_god_togui_general	0	PROVEN	24
36112	res_mob_god_togui_general	0	PROVEN	24
36113	res_mob_god_togui_general	0	PROVEN	24
36114	res_mob_god_togui_general	0	PROVEN	24
36115	res_mob_god_togui_general	0	PROVEN	24
36116	res_mob_god_togui_general	0	PROVEN	24
36117	res_mob_god_elemental	0	PROVEN	74
36118	res_mob_god_elemental	0	PROVEN	74
36119	res_mob_god_elemental	0	PROVEN	74
36120	res_mob_god_elemental	0	PROVEN	74
36121	res_mob_god_elemental	0	PROVEN	74
36122	res_mob_god_elemental	0	PROVEN	74
36123	res_etc_event_pandora	0	PROVEN	44
36124	res_etc_event_pandora	0	PROVEN	44
36125	res_etc_event_pandora	0	PROVEN	44
36126	res_etc_event_pandora	0	PROVEN	44
36127	res_etc_event_pandora	0	PROVEN	44
36128	res_etc_event_pandora	0	PROVEN	44
36129	res_mob_god_flame_salamander	0	PROVEN	48
36130	res_mob_god_flame_salamander	0	PROVEN	48
36131	res_mob_god_flame_salamander	0	PROVEN	48
36132	res_mob_god_flame_salamander	0	PROVEN	48
36133	res_mob_god_flame_salamander	0	PROVEN	48
36134	res_mob_god_flame_salamander	0	PROVEN	48
36135	res_mob_god_flame_salamander	0	PROVEN	48
36136	res_mob_god_flame_salamander	0	PROVEN	48
36137	res_mob_god_flame_giant	0	PROVEN	56
36138	res_mob_god_flame_giant	0	PROVEN	56
36139	res_mob_god_flame_giant	0	PROVEN	56
36140	res_mob_god_flame_giant	0	PROVEN	56
36141	res_mob_god_flame_giant	0	PROVEN	56
36142	res_mob_god_flame_giant	0	PROVEN	56
36143	res_mob_god_flame_giant	0	PROVEN	56
36144	res_mob_god_flame_giant	0	PROVEN	56
36145	res_mob_god_flame_ghost	0	PROVEN	56
36146	res_mob_god_flame_ghost	0	PROVEN	56
36147	res_mob_god_flame_ghost	0	PROVEN	56
36148	res_mob_god_flame_ghost	0	PROVEN	56
36149	res_mob_god_flame_ghost	0	PROVEN	56
36150	res_mob_god_flame_ghost	0	PROVEN	56
36151	res_mob_god_flame_ghost	0	PROVEN	56
36152	res_mob_god_flame_ghost	0	PROVEN	56
36153	res_mob_god_flame_archer	0	PROVEN	48
36154	res_mob_god_flame_archer	0	PROVEN	48
36155	res_mob_god_flame_archer	0	PROVEN	48
36156	res_mob_god_flame_archer	0	PROVEN	48
36157	res_mob_god_flame_archer	0	PROVEN	48
36158	res_mob_god_flame_archer	0	PROVEN	48
36159	res_mob_god_flame_archer	0	PROVEN	48
36160	res_mob_god_flame_archer	0	PROVEN	48
36161	res_mob_god_flame_evil	0	PROVEN	56
36162	res_mob_god_flame_evil	0	PROVEN	56
36163	res_mob_god_flame_evil	0	PROVEN	56
36164	res_mob_god_flame_evil	0	PROVEN	56
36165	res_mob_god_flame_evil	0	PROVEN	56
36166	res_mob_god_flame_evil	0	PROVEN	56
36167	res_mob_god_flame_evil	0	PROVEN	56
36168	res_mob_god_flame_evil	0	PROVEN	56
36169	res_mob_god_flame_gigantic	0	PROVEN	72
36170	res_mob_god_flame_gigantic	0	PROVEN	72
36171	res_mob_god_flame_gigantic	0	PROVEN	72
36172	res_mob_god_flame_gigantic	0	PROVEN	72
36173	res_mob_god_flame_gigantic	0	PROVEN	72
36174	res_mob_god_flame_gigantic	0	PROVEN	72
36175	res_mob_god_flame_gigantic	0	PROVEN	72
36176	res_mob_god_flame_gigantic	0	PROVEN	72
36177	res_mob_god_flame_crazy	0	PROVEN	64
36178	res_mob_god_flame_crazy	0	PROVEN	64
36179	res_mob_god_flame_crazy	0	PROVEN	64
36180	res_mob_god_flame_crazy	0	PROVEN	64
36181	res_mob_god_flame_crazy	0	PROVEN	64
36182	res_mob_god_flame_crazy	0	PROVEN	64
36183	res_mob_god_flame_crazy	0	PROVEN	64
36184	res_mob_god_flame_crazy	0	PROVEN	64
36185	res_mob_god_flame_witch	0	PROVEN	64
36186	res_mob_god_flame_witch	0	PROVEN	64
36187	res_mob_god_flame_witch	0	PROVEN	64
36188	res_mob_god_flame_witch	0	PROVEN	64
36189	res_mob_god_flame_witch	0	PROVEN	64
36190	res_mob_god_flame_witch	0	PROVEN	64
36191	res_mob_god_flame_witch	0	PROVEN	64
36192	res_mob_god_flame_witch	0	PROVEN	64
36193	res_mob_god_flame_captain	0	PROVEN	16
36194	res_mob_god_flame_captain	0	PROVEN	16
36195	res_mob_god_flame_captain	0	PROVEN	16
36196	res_mob_god_flame_captain	0	PROVEN	16
36197	res_mob_god_flame_captain	0	PROVEN	16
36198	res_mob_god_flame_captain	0	PROVEN	16
36199	res_mob_god_flame_captain	0	PROVEN	16
36200	res_mob_god_flame_captain	0	PROVEN	16
36201	res_mob_god_flame_adjutant	0	PROVEN	16
36202	res_mob_god_flame_adjutant	0	PROVEN	16
36203	res_mob_god_flame_adjutant	0	PROVEN	16
36204	res_mob_god_flame_adjutant	0	PROVEN	16
36205	res_mob_god_flame_adjutant	0	PROVEN	16
36206	res_mob_god_flame_adjutant	0	PROVEN	16
36207	res_mob_god_flame_adjutant	0	PROVEN	16
36208	res_mob_god_flame_adjutant	0	PROVEN	16
36209	res_mob_god_elemental	0	PROVEN	74
36210	res_mob_god_elemental	0	PROVEN	74
36211	res_mob_god_elemental	0	PROVEN	74
36212	res_mob_god_elemental	0	PROVEN	74
36213	res_mob_god_elemental	0	PROVEN	74
36214	res_mob_god_elemental	0	PROVEN	74
36215	res_mob_god_elemental	0	PROVEN	74
36216	res_mob_god_elemental	0	PROVEN	74
36217	res_etc_event_pandora	0	PROVEN	44
36218	res_etc_event_pandora	0	PROVEN	44
36219	res_etc_event_pandora	0	PROVEN	44
36220	res_etc_event_pandora	0	PROVEN	44
36221	res_etc_event_pandora	0	PROVEN	44
36222	res_etc_event_pandora	0	PROVEN	44
36223	res_etc_event_pandora	0	PROVEN	44
36224	res_etc_event_pandora	0	PROVEN	44
36225	res_mob_god_ghost_marauder	0	PROVEN	44
36226	res_mob_god_ghost_marauder	0	PROVEN	44
36227	res_mob_god_ghost_marauder	0	PROVEN	44
36228	res_mob_god_ghost_marauder	0	PROVEN	44
36229	res_mob_god_ghost_marauder	0	PROVEN	44
36230	res_mob_god_ghost_marauder	0	PROVEN	44
36231	res_mob_god_ghost_marauder	0	PROVEN	44
36232	res_mob_god_ghost_marauder	0	PROVEN	44
36233	res_mob_god_ghost_seiren	0	PROVEN	48
36234	res_mob_god_ghost_seiren	0	PROVEN	48
36235	res_mob_god_ghost_seiren	0	PROVEN	48
36236	res_mob_god_ghost_seiren	0	PROVEN	48
36237	res_mob_god_ghost_seiren	0	PROVEN	48
36238	res_mob_god_ghost_seiren	0	PROVEN	48
36239	res_mob_god_ghost_seiren	0	PROVEN	48
36240	res_mob_god_ghost_seiren	0	PROVEN	48
36241	res_mob_god_ghost_kingnipper	0	PROVEN	48
36242	res_mob_god_ghost_kingnipper	0	PROVEN	48
36243	res_mob_god_ghost_kingnipper	0	PROVEN	48
36244	res_mob_god_ghost_kingnipper	0	PROVEN	48
36245	res_mob_god_ghost_kingnipper	0	PROVEN	48
36246	res_mob_god_ghost_kingnipper	0	PROVEN	48
36247	res_mob_god_ghost_kingnipper	0	PROVEN	48
36248	res_mob_god_ghost_kingnipper	0	PROVEN	48
36249	res_mob_god_ghost_pirate	0	PROVEN	36
36250	res_mob_god_ghost_pirate	0	PROVEN	36
36251	res_mob_god_ghost_pirate	0	PROVEN	36
36252	res_mob_god_ghost_pirate	0	PROVEN	36
36253	res_mob_god_ghost_pirate	0	PROVEN	36
36254	res_mob_god_ghost_pirate	0	PROVEN	36
36255	res_mob_god_ghost_pirate	0	PROVEN	36
36256	res_mob_god_ghost_pirate	0	PROVEN	36
36257	res_mob_god_ghost_commander	0	PROVEN	40
36258	res_mob_god_ghost_commander	0	PROVEN	40
36259	res_mob_god_ghost_commander	0	PROVEN	40
36260	res_mob_god_ghost_commander	0	PROVEN	40
36261	res_mob_god_ghost_commander	0	PROVEN	40
36262	res_mob_god_ghost_commander	0	PROVEN	40
36263	res_mob_god_ghost_commander	0	PROVEN	40
36264	res_mob_god_ghost_commander	0	PROVEN	40
36265	res_mob_god_ghost_specter	0	PROVEN	40
36266	res_mob_god_ghost_specter	0	PROVEN	40
36267	res_mob_god_ghost_specter	0	PROVEN	40
36268	res_mob_god_ghost_specter	0	PROVEN	40
36269	res_mob_god_ghost_specter	0	PROVEN	40
36270	res_mob_god_ghost_specter	0	PROVEN	40
36271	res_mob_god_ghost_specter	0	PROVEN	40
36272	res_mob_god_ghost_specter	0	PROVEN	40
36273	res_mob_god_ghost_wreck	0	PROVEN	32
36274	res_mob_god_ghost_wreck	0	PROVEN	32
36275	res_mob_god_ghost_wreck	0	PROVEN	32
36276	res_mob_god_ghost_wreck	0	PROVEN	32
36277	res_mob_god_ghost_wreck	0	PROVEN	32
36278	res_mob_god_ghost_wreck	0	PROVEN	32
36279	res_mob_god_ghost_wreck	0	PROVEN	32
36280	res_mob_god_ghost_wreck	0	PROVEN	32
36281	res_mob_god_ghost_gluttony	0	PROVEN	12
36282	res_mob_god_ghost_gluttony	0	PROVEN	12
36283	res_mob_god_ghost_gluttony	0	PROVEN	12
36284	res_mob_god_ghost_gluttony	0	PROVEN	12
36285	res_mob_god_ghost_gluttony	0	PROVEN	12
36286	res_mob_god_ghost_gluttony	0	PROVEN	12
36287	res_mob_god_ghost_gluttony	0	PROVEN	12
36288	res_mob_god_ghost_gluttony	0	PROVEN	12
36289	res_mob_god_ghost_beast	0	PROVEN	20
36290	res_mob_god_ghost_beast	0	PROVEN	20
36291	res_mob_god_ghost_beast	0	PROVEN	20
36292	res_mob_god_ghost_beast	0	PROVEN	20
36293	res_mob_god_ghost_beast	0	PROVEN	20
36294	res_mob_god_ghost_beast	0	PROVEN	20
36295	res_mob_god_ghost_beast	0	PROVEN	20
36296	res_mob_god_ghost_beast	0	PROVEN	20
36305	res_mob_god_elemental	0	PROVEN	74
36306	res_mob_god_elemental	0	PROVEN	74
36307	res_mob_god_elemental	0	PROVEN	74
36308	res_mob_god_elemental	0	PROVEN	74
36309	res_mob_god_elemental	0	PROVEN	74
36310	res_mob_god_elemental	0	PROVEN	74
36311	res_mob_god_elemental	0	PROVEN	74
36312	res_mob_god_elemental	0	PROVEN	74
36313	res_etc_event_pandora	0	PROVEN	44
36314	res_etc_event_pandora	0	PROVEN	44
36315	res_etc_event_pandora	0	PROVEN	44
36316	res_etc_event_pandora	0	PROVEN	44
36317	res_etc_event_pandora	0	PROVEN	44
36318	res_etc_event_pandora	0	PROVEN	44
36319	res_etc_event_pandora	0	PROVEN	44
36320	res_etc_event_pandora	0	PROVEN	44
36321	res_mob_god_togui_elder	0	PROVEN	6
36322	res_mob_god_togui_elder	0	PROVEN	6
36323	res_mob_god_togui_elder	0	PROVEN	6
36324	res_mob_god_togui_elder	0	PROVEN	6
36325	res_mob_god_togui_elder	0	PROVEN	6
36326	res_mob_god_togui_elder	0	PROVEN	6
36327	res_mob_god_flame_cowking	0	PROVEN	8
36328	res_mob_god_flame_cowking	0	PROVEN	8
36329	res_mob_god_flame_cowking	0	PROVEN	8
36330	res_mob_god_flame_cowking	0	PROVEN	8
36331	res_mob_god_flame_cowking	0	PROVEN	8
36332	res_mob_god_flame_cowking	0	PROVEN	8
36333	res_mob_god_flame_cowking	0	PROVEN	8
36334	res_mob_god_flame_cowking	0	PROVEN	8
36335	res_mob_god_ghost_undine	0	PROVEN	8
36336	res_mob_god_ghost_undine	0	PROVEN	8
36337	res_mob_god_ghost_undine	0	PROVEN	8
36338	res_mob_god_ghost_undine	0	PROVEN	8
36339	res_mob_god_ghost_undine	0	PROVEN	8
36340	res_mob_god_ghost_undine	0	PROVEN	8
36341	res_mob_god_ghost_undine	0	PROVEN	8
36342	res_mob_god_ghost_undine	0	PROVEN	8
3798	res_mob_taklamakan_edimmu	0	PROVEN	61
3799	res_mob_taklamakan_deathkara	0	PROVEN	45
3801	res_mob_taklamakan_devileye	0	PROVEN	39
3803	res_mob_taklamakan_bonehunter	0	PROVEN	25
3804	res_mob_taklamakan_bonesoldier	0	PROVEN	42
3808	res_mob_taklamakan_bonemage	0	PROVEN	31
3809	res_mob_taklamakan_bonegeneral	0	PROVEN	17
3810	res_mob_taklamakan_bonelord	0	PROVEN	10
38148	res_mob_sd_apriest	0	PROVEN	4
38149	res_mob_sd_apriest	0	PROVEN	4
38150	res_mob_sd_apriest	0	PROVEN	4
38151	res_mob_sd_windpriest	0	PROVEN	15
38152	res_mob_sd_windpriest	0	PROVEN	15
38153	res_mob_sd_windpriest	0	PROVEN	15
38154	res_mob_sd_imouthes	0	PROVEN	22
38155	res_mob_sd_imouthes	0	PROVEN	22
38156	res_mob_sd_imouthes	0	PROVEN	22
38157	res_mob_sd_mummy	0	PROVEN	9
38158	res_mob_sd_mummy	0	PROVEN	9
38159	res_mob_sd_mummy	0	PROVEN	9
38160	res_mob_sd_mummy	0	PROVEN	9
38161	res_mob_sd_mummy	0	PROVEN	9
38162	res_mob_sd_mummy	0	PROVEN	9
38163	res_mob_sd_spector	0	PROVEN	11
38164	res_mob_sd_spector	0	PROVEN	11
38165	res_mob_sd_hyena	0	PROVEN	111
38166	res_mob_sd_hyena	0	PROVEN	111
38167	res_mob_sd_hyena	0	PROVEN	111
38168	res_mob_sd_hyena	0	PROVEN	111
38169	res_mob_sd_hyena	0	PROVEN	111
38170	res_mob_sd_hyena	0	PROVEN	111
38171	res_mob_sd_hyena	0	PROVEN	111
38172	res_mob_sd_bastet	0	PROVEN	24
38173	res_mob_sd_bastet	0	PROVEN	24
38174	res_mob_sd_bastet	0	PROVEN	24
38175	res_mob_sd_bastet	0	PROVEN	24
38176	res_mob_sd_bastet	0	PROVEN	24
38177	res_mob_sd_bastet	0	PROVEN	24
38178	res_mob_sd_bastet	0	PROVEN	24
38179	res_mob_sd_bastet	0	PROVEN	24
38180	res_mob_sd_bastet	0	PROVEN	24
38183	res_mob_sd_beetle	0	PROVEN	105
38184	res_mob_sd_beetle	0	PROVEN	105
38185	res_mob_sd_beetle	0	PROVEN	105
38186	res_mob_sd_beetle	0	PROVEN	105
38187	res_mob_sd_beetle	0	PROVEN	105
38189	res_mob_sd_sandman	0	PROVEN	104
38190	res_mob_sd_sandman	0	PROVEN	104
38191	res_mob_sd_sandman	0	PROVEN	104
38192	res_mob_sd_septu	0	PROVEN	9
38195	res_mob_sd_apis	0	PROVEN	1
38196	res_mob_sd_sphinx	0	PROVEN	3
38197	res_mob_sd_sphinx	0	PROVEN	3
38198	res_mob_sd_sphinx	0	PROVEN	3
38199	res_mob_sd_sekhmet	0	PROVEN	3
38200	res_mob_sd_sekhmet	0	PROVEN	3
38201	res_mob_sd_sekhmet	0	PROVEN	3
38202	res_mob_sd_nephthys	0	PROVEN	3
38203	res_mob_sd_nephthys	0	PROVEN	3
38204	res_mob_sd_nephthys	0	PROVEN	3
38205	res_mob_sd_phhorus	0	PROVEN	3
38206	res_mob_sd_phhorus	0	PROVEN	3
38207	res_mob_sd_phhorus	0	PROVEN	3
38208	res_mob_sd_osiris	0	PROVEN	3
38209	res_mob_sd_osiris	0	PROVEN	3
38210	res_mob_sd_osiris	0	PROVEN	3
38211	res_mob_sd_selkis	0	PROVEN	1
38212	res_mob_sd_neith	0	PROVEN	1
38213	res_mob_sd_anubis	0	PROVEN	1
38214	res_mob_sd_isis	0	PROVEN	1
38216	res_mob_sd_uneg	0	PROVEN	120
38217	res_mob_sd_uneg	0	PROVEN	120
38218	res_mob_sd_tathen	0	PROVEN	28
38219	res_mob_sd_tathen	0	PROVEN	28
38220	res_mob_sd_windspider	0	PROVEN	104
38221	res_mob_sd_windspider	0	PROVEN	104
38222	res_mob_sd_desertbug	0	PROVEN	132
38223	res_mob_sd_desertbug	0	PROVEN	132
38224	res_mob_sd_demonbug	0	PROVEN	62
38225	res_mob_sd_demonbug	0	PROVEN	62
38226	res_mob_sd_demonbug	0	PROVEN	62
38227	res_mob_sd_demonbug	0	PROVEN	62
38228	res_mob_sd_selkion	0	PROVEN	97
38229	res_mob_sd_selkion	0	PROVEN	97
38230	res_mob_sd_achnish	0	PROVEN	77
38231	res_mob_sd_achnish	0	PROVEN	77
38232	res_mob_sd_mont	0	PROVEN	49
38233	res_mob_sd_mont	0	PROVEN	49
38234	res_mob_sd_mont	0	PROVEN	49
38235	res_mob_sd_mont	0	PROVEN	49
38236	res_mob_sd_keisas	0	PROVEN	28
38237	res_mob_sd_keisas	0	PROVEN	28
38238	res_mob_sd_keisas	0	PROVEN	28
38239	res_mob_sd_keisas	0	PROVEN	28
3824	res_npc_npc_westchinasystem_boatman1	0	PROVEN	4
38240	res_mob_sd_harsapheth	0	PROVEN	12
38241	res_mob_sd_harsapheth	0	PROVEN	12
38242	res_mob_sd_sandworm	0	PROVEN	118
38243	res_mob_sd_sandworm	0	PROVEN	118
38244	res_mob_sd_coelacanth	0	PROVEN	91
38245	res_mob_sd_coelacanth	0	PROVEN	91
38246	res_mob_sd_raider	0	PROVEN	68
38247	res_mob_sd_raider	0	PROVEN	68
38248	res_mob_sd_serpent	0	PROVEN	109
38249	res_mob_sd_serpent	0	PROVEN	109
3825	res_npc_npc_westchinasystem_boatman1	0	PROVEN	4
38250	res_mob_sd_darkscout	0	PROVEN	25
38251	res_mob_sd_darkscout	0	PROVEN	25
38252	res_mob_sd_aker	0	PROVEN	126
38253	res_mob_sd_aker	0	PROVEN	126
38254	res_mob_sd_heron	0	PROVEN	48
38255	res_mob_sd_heron	0	PROVEN	48
38256	res_mob_sd_heron	0	PROVEN	48
38257	res_mob_sd_heron	0	PROVEN	48
3826	res_npc_npc_khotansystem_turtleshipticketagent	0	PROVEN	3
38265	res_npc_npc_chinashop_accessoryshopgirl	0	PROVEN	2
38266	res_npc_npc_westchinashop_accessoryshopgirl	0	PROVEN	2
38267	res_npc_npc_easteuropeshop_specialproduct	0	PROVEN	3
38268	res_npc_npc_rocmountainquest_youngwoman2	0	PROVEN	2
38269	res_npc_npc_khotanshop_veilgirl	0	PROVEN	2
3827	res_npc_npc_khotansystem_turtleshipticketagent	0	PROVEN	3
38270	res_npc_npc_chinashop_spacialmerchant	0	PROVEN	2
38271	res_npc_npc_thiefden_thief_d	0	PROVEN	3
38272	res_npc_npc_easteuropequest_unionleader_kafros	0	PROVEN	3
38273	res_npc_npc_centralasiashop_special	0	PROVEN	2
38274	res_npc_npc_khotanshop_spacialmerchant	0	PROVEN	4
3861	res_npc_npc_event_kisaeng1	0	PROVEN	7
3864	res_mob_roc_rocky	0	PROVEN	151
3865	res_mob_roc_feathermask	0	PROVEN	51
3867	res_mob_roc_goat	0	PROVEN	77
3869	res_mob_roc_wingtribe	0	PROVEN	90
3871	res_mob_roc_antelope	0	PROVEN	93
3873	res_mob_roc_wingtribespear	0	PROVEN	71
3874	res_mob_roc_rocky	0	PROVEN	151
3875	res_mob_roc_tahomet	0	PROVEN	6
38934	res_npc_npc_jupiter_investigation_f	0	PROVEN	5
38935	res_npc_npc_jupiter_soldier_m	0	PROVEN	21
38936	res_npc_npc_jupiter_soldier_m	0	PROVEN	21
38937	res_npc_npc_jupiter_soldier_f	0	PROVEN	4
38938	res_npc_npc_jupiter_soldier_f	0	PROVEN	4
38939	res_npc_npc_jupiter_soldier_m	0	PROVEN	21
38940	res_npc_npc_jupiter_investigation_f	0	PROVEN	5
38941	res_npc_npc_jupiter_investigation_f	0	PROVEN	5
38942	res_npc_npc_jupiter_investigation_f	0	PROVEN	5
38943	res_npc_npc_jupiter_investigation_f	0	PROVEN	5
38944	res_npc_npc_jupiter_soldier_m	0	PROVEN	21
38945	res_npc_npc_jupiter_soldier_m	0	PROVEN	21
38946	res_npc_npc_jupiter_soldier_m	0	PROVEN	21
38947	res_npc_npc_jupiter_soldier_f	0	PROVEN	4
38948	res_npc_npc_jupiter_soldier_m	0	PROVEN	21
38949	res_npc_npc_jupiter_soldier_m	0	PROVEN	21
38950	res_npc_npc_jupiter_investigation_m	0	PROVEN	3
38951	res_npc_npc_jupiter_soldier_f	0	PROVEN	4
38952	res_npc_npc_jupiter_soldier_m	0	PROVEN	21
38953	res_npc_npc_jupiter_soldier_m	0	PROVEN	21
38954	res_npc_npc_jupiter_soldier_m	0	PROVEN	21
38955	res_npc_npc_jupiter_soldier_m	0	PROVEN	21
38956	res_npc_npc_jupiter_believer_f	0	PROVEN	4
38957	res_npc_npc_jupiter_believer_m	0	PROVEN	5
38958	res_npc_npc_jupiter_believer_f	0	PROVEN	4
38959	res_npc_npc_jupiter_soldier_m	0	PROVEN	21
38960	res_npc_npc_jupiter_believer_f	0	PROVEN	4
38961	res_npc_npc_jupiter_soldier_m	0	PROVEN	21
38962	res_npc_npc_jupiter_believer_f	0	PROVEN	4
38963	res_npc_npc_jupiter_believer_m	0	PROVEN	5
38964	res_npc_npc_jupiter_believer_m	0	PROVEN	5
38965	res_npc_npc_jupiter_soldier_m	0	PROVEN	21
41341	res_mob_jupiter_immotal	0	PROVEN	121
41342	res_mob_jupiter_immotal	0	PROVEN	121
41343	res_mob_jupiter_immotal	0	PROVEN	121
41344	res_mob_jupiter_immotal2	0	PROVEN	224
41345	res_mob_jupiter_immotal2	0	PROVEN	224
41346	res_mob_jupiter_immotal2	0	PROVEN	224
41347	res_mob_jupiter_immotal2	0	PROVEN	224
41348	res_mob_jupiter_immotal2	0	PROVEN	224
41349	res_mob_jupiter_immotal2	0	PROVEN	224
41350	res_mob_jupiter_nike_lion	0	PROVEN	254
41351	res_mob_jupiter_nike_lion	0	PROVEN	254
41352	res_mob_jupiter_nike_lion	0	PROVEN	254
41353	res_mob_jupiter_nike_lion	0	PROVEN	254
41354	res_mob_jupiter_nike_lion	0	PROVEN	254
41355	res_mob_jupiter_nike_lion	0	PROVEN	254
41356	res_mob_jupiter_nike_lion	0	PROVEN	254
41357	res_mob_jupiter_mino	0	PROVEN	112
41358	res_mob_jupiter_mino	0	PROVEN	112
41359	res_mob_jupiter_mino	0	PROVEN	112
41360	res_mob_jupiter_mino	0	PROVEN	112
41361	res_mob_jupiter_griffin	0	PROVEN	331
41362	res_mob_jupiter_griffin	0	PROVEN	331
41363	res_mob_jupiter_griffin	0	PROVEN	331
41364	res_mob_jupiter_griffin	0	PROVEN	331
41365	res_mob_jupiter_griffin	0	PROVEN	331
41366	res_mob_jupiter_griffin	0	PROVEN	331
41367	res_mob_jupiter_griffin	0	PROVEN	331
41368	res_mob_jupiter_griffin	0	PROVEN	331
41369	res_mob_jupiter_griffin	0	PROVEN	331
41370	res_mob_jupiter_griffin	0	PROVEN	331
41371	res_mob_jupiter_fanaticism	0	PROVEN	203
41372	res_mob_jupiter_fanaticism	0	PROVEN	203
41373	res_mob_jupiter_fanaticism	0	PROVEN	203
41374	res_mob_jupiter_fanaticism	0	PROVEN	203
41375	res_mob_jupiter_fanaticism	0	PROVEN	203
41376	res_mob_jupiter_fanaticism	0	PROVEN	203
41377	res_mob_jupiter_fanaticism	0	PROVEN	203
41378	res_mob_jupiter_fanaticism2	0	PROVEN	87
41379	res_mob_jupiter_fanaticism2	0	PROVEN	87
41380	res_mob_jupiter_devildog	0	PROVEN	262
41381	res_mob_jupiter_devildog	0	PROVEN	262
41382	res_mob_jupiter_devildog	0	PROVEN	262
41383	res_mob_jupiter_devildog	0	PROVEN	262
41384	res_mob_jupiter_devildog	0	PROVEN	262
41385	res_mob_jupiter_devildog	0	PROVEN	262
41386	res_mob_jupiter_devil_dark	0	PROVEN	70
41387	res_mob_jupiter_devil_dark	0	PROVEN	70
41388	res_mob_jupiter_charm_witch	0	PROVEN	156
41389	res_mob_jupiter_charm_witch	0	PROVEN	156
41390	res_mob_jupiter_charm_witch	0	PROVEN	156
41391	res_mob_jupiter_charm_witch	0	PROVEN	156
41392	res_mob_jupiter_charm_witch	0	PROVEN	156
41393	res_mob_jupiter_transformation_fanaticism	0	PROVEN	186
41394	res_mob_jupiter_transformation_fanaticism	0	PROVEN	186
41395	res_mob_jupiter_transformation_fanaticism	0	PROVEN	186
41396	res_mob_jupiter_transformation_fanaticism	0	PROVEN	186
41397	res_mob_jupiter_transformation_fanaticism	0	PROVEN	186
41398	res_mob_jupiter_transformation_fanaticism	0	PROVEN	186
41399	res_mob_jupiter_transformation_fanaticism	0	PROVEN	186
41400	res_mob_jupiter_transformation_fanaticism	0	PROVEN	186
41401	res_mob_jupiter_desire_watch	0	PROVEN	112
41402	res_mob_jupiter_desire_watch	0	PROVEN	112
41403	res_mob_jupiter_desire_watch	0	PROVEN	112
41404	res_mob_jupiter_desire_watch	0	PROVEN	112
41405	res_mob_jupiter_fear_serpent	0	PROVEN	169
41406	res_mob_jupiter_fear_serpent	0	PROVEN	169
41407	res_mob_jupiter_fear_serpent	0	PROVEN	169
41408	res_mob_jupiter_fear_serpent	0	PROVEN	169
41409	res_mob_jupiter_fear_serpent	0	PROVEN	169
41416	res_mob_jupiter_the_earth	0	PROVEN	2
41417	res_mob_jupiter_the_earth	0	PROVEN	2
41418	res_mob_jupiter_yuno	0	PROVEN	1
41419	res_mob_jupiter_jupiter	0	PROVEN	1
41420	res_mob_jupiter_dark_dog	0	PROVEN	2
41421	res_mob_jupiter_dark_dog	0	PROVEN	2
41422	res_mob_jupiter_babilion	0	PROVEN	1
41423	res_mob_jupiter_baal	0	PROVEN	1
41423	res_mob_jupiter_baal_weapon	1	PROVEN	0
41737	res_mob_jupiter_immotal	0	PROVEN	121
41738	res_mob_jupiter_immotal2	0	PROVEN	224
41739	res_mob_jupiter_immotal2	0	PROVEN	224
41740	res_mob_jupiter_nike_lion	0	PROVEN	254
41741	res_mob_jupiter_nike_lion	0	PROVEN	254
41742	res_mob_jupiter_mino	0	PROVEN	112
41743	res_mob_jupiter_griffin	0	PROVEN	331
41744	res_mob_jupiter_griffin	0	PROVEN	331
41745	res_mob_jupiter_griffin	0	PROVEN	331
41746	res_mob_jupiter_fanaticism	0	PROVEN	203
41747	res_mob_jupiter_fanaticism	0	PROVEN	203
41748	res_mob_jupiter_fanaticism2	0	PROVEN	87
41749	res_mob_jupiter_devildog	0	PROVEN	262
41750	res_mob_jupiter_devildog	0	PROVEN	262
41751	res_mob_jupiter_devil_dark	0	PROVEN	70
41752	res_mob_jupiter_devil_dark	0	PROVEN	70
41753	res_mob_jupiter_charm_witch	0	PROVEN	156
41754	res_mob_jupiter_transformation_fanaticism	0	PROVEN	186
41755	res_mob_jupiter_transformation_fanaticism	0	PROVEN	186
41756	res_mob_jupiter_desire_watch	0	PROVEN	112
41757	res_mob_jupiter_desire_watch	0	PROVEN	112
41758	res_mob_jupiter_fear_serpent	0	PROVEN	169
41759	res_mob_jupiter_fear_serpent	0	PROVEN	169
41761	res_npc_npc_jupiter_soldier_m	0	PROVEN	21
41762	res_npc_npc_jupiter_soldier_m	0	PROVEN	21
41763	res_npc_npc_jupiter_investigation_m	0	PROVEN	3
41764	res_npc_npc_jupiter_investigation_m	0	PROVEN	3
41765	res_npc_npc_jupiter_soldier_m	0	PROVEN	21
41766	res_npc_npc_jupiter_believer_m	0	PROVEN	5
41767	res_npc_npc_jupiter_believer_m	0	PROVEN	5
43358	res_npc_sd_sd_m_area_accessory	0	PROVEN	2
43359	res_npc_sd_sd_t_area_smith	0	PROVEN	2
43360	res_npc_npc_easteuropeshop_specialproduct	0	PROVEN	3
43361	res_npc_npc_easteuropequest_unionleader_kafros	0	PROVEN	3
43642	res_artifact_guild_pulley_gate_pulley	0	UNKNOWN	12
43643	res_artifact_guild_pulley_gate_pulley	0	UNKNOWN	12
43644	res_artifact_guild_pulley_gate_pulley	0	UNKNOWN	12
43645	res_artifact_guild_pulley_gate_pulley	0	UNKNOWN	12
43655	res_npc_npc_arabia_sharial	0	PROVEN	1
43656	res_npc_npc_arabia_sheherazade	0	PROVEN	1
43657	res_npc_npc_npc_arabia_castlesoldier_1	0	PROVEN	2
43658	res_npc_npc_npc_arabia_castlesoldier_2	0	PROVEN	2
43659	res_npc_npc_arabia_thief	0	PROVEN	1
43660	res_npc_npc_arabia_accessory	0	PROVEN	1
43661	res_npc_npc_arabia_special	0	PROVEN	1
43662	res_npc_npc_arabia_potion	0	PROVEN	1
43663	res_npc_npc_arabia_merchant	0	PROVEN	3
43664	res_npc_npc_npc_arabia_townsoldier_1	0	PROVEN	8
43665	res_npc_npc_npc_arabia_townsoldier_2	0	PROVEN	8
43666	res_npc_npc_arabia_khaled	0	PROVEN	2
43667	res_npc_npc_arabia_malak	0	PROVEN	2
43668	res_npc_npc_arabia_choukri	0	PROVEN	1
43669	res_npc_npc_arabia_najima	0	PROVEN	3
43670	res_npc_npc_npc_arabia_soldier_1	0	PROVEN	8
43671	res_npc_npc_npc_arabia_soldier_2	0	PROVEN	4
43672	res_npc_npc_arabia_smith	0	PROVEN	1
43673	res_npc_npc_arabia_hunter	0	PROVEN	1
43674	res_npc_npc_arabia_horse	0	PROVEN	2
43675	res_npc_npc_npc_arabia_townsoldier_1	0	PROVEN	8
43676	res_npc_npc_npc_arabia_townsoldier_2	0	PROVEN	8
43677	res_npc_npc_arabia_fouad	0	PROVEN	4
43678	res_npc_npc_npc_arabia_townsoldier_1	0	PROVEN	8
43679	res_npc_npc_npc_arabia_townsoldier_2	0	PROVEN	8
43680	res_npc_npc_arabia_karem	0	PROVEN	1
43681	res_npc_npc_arabia_guild	0	PROVEN	1
43682	res_npc_npc_arabia_warehouse	0	PROVEN	1
43683	res_npc_npc_arabia_fouad	0	PROVEN	4
43684	res_npc_npc_arabia_najima	0	PROVEN	3
43685	res_npc_npc_arabia_abshad	0	PROVEN	1
43686	res_npc_npc_arabia_mahmud	0	PROVEN	1
43687	res_npc_npc_npc_arabia_soldier_3	0	PROVEN	4
43688	res_npc_npc_npc_arabia_soldier_4	0	PROVEN	3
43689	res_npc_npc_arabia_fouad	0	PROVEN	4
43690	res_npc_npc_arabia_najima	0	PROVEN	3
43691	res_npc_npc_npc_arabia_townsoldier_1	0	PROVEN	8
43692	res_npc_npc_npc_arabia_townsoldier_2	0	PROVEN	8
43693	res_npc_npc_npc_arabia_townsoldier_1	0	PROVEN	8
43694	res_npc_npc_npc_arabia_townsoldier_2	0	PROVEN	8
43695	res_npc_npc_npc_arabia_townsoldier_1	0	PROVEN	8
43696	res_npc_npc_npc_arabia_townsoldier_2	0	PROVEN	8
43697	res_npc_npc_npc_arabia_townsoldier_1	0	PROVEN	8
43698	res_npc_npc_npc_arabia_townsoldier_2	0	PROVEN	8
43699	res_npc_npc_arabia_fouad	0	PROVEN	4
43700	res_npc_npc_arabia_farmer	0	PROVEN	1
43701	res_npc_npc_npc_arabia_castlesoldier_1	0	PROVEN	2
43702	res_npc_npc_npc_arabia_soldier_1	0	PROVEN	8
43703	res_npc_npc_npc_arabia_soldier_2	0	PROVEN	4
43704	res_npc_npc_npc_arabia_castlesoldier_2	0	PROVEN	2
43705	res_npc_npc_npc_arabia_soldier_3	0	PROVEN	4
43706	res_npc_npc_npc_arabia_soldier_4	0	PROVEN	3
43707	res_npc_npc_arabia_muhammad	0	PROVEN	1
43708	res_npc_npc_arabia_horse	0	PROVEN	2
43709	res_npc_npc_npc_arabia_soldier_1	0	PROVEN	8
43710	res_npc_npc_npc_arabia_soldier_2	0	PROVEN	4
43711	res_npc_npc_arabia_merchant	0	PROVEN	3
43712	res_npc_npc_npc_arabia_soldier_3	0	PROVEN	4
43713	res_npc_npc_npc_arabia_soldier_4	0	PROVEN	3
43715	res_npc_npc_npc_arabia_townsoldier_1	0	PROVEN	8
43716	res_npc_npc_npc_arabia_townsoldier_2	0	PROVEN	8
43717	res_npc_npc_npc_arabia_soldier_1	0	PROVEN	8
43718	res_npc_npc_npc_arabia_soldier_2	0	PROVEN	4
43719	res_npc_npc_npc_arabia_soldier_3	0	PROVEN	4
43720	res_npc_npc_arabia_merchant	0	PROVEN	3
43722	res_npc_npc_npc_arabia_soldier_1	0	PROVEN	8
43723	res_npc_npc_npc_arabia_soldier_1	0	PROVEN	8
43724	res_npc_npc_npc_arabia_soldier_1	0	PROVEN	8
43725	res_npc_npc_npc_arabia_soldier_1	0	PROVEN	8
43835	res_mob_arabia_baruswolf_adonis1	0	PROVEN	45
43836	res_mob_arabia_baruswolf_adonis1	0	PROVEN	45
43837	res_mob_arabia_baruswolf_adonis2	0	PROVEN	61
43838	res_mob_arabia_baruswolf_adonis2	0	PROVEN	61
43839	res_mob_arabia_mangyang_plunder1	0	PROVEN	47
43840	res_mob_arabia_mangyang_plunder1	0	PROVEN	47
43841	res_mob_arabia_mangyang_plunder2	0	PROVEN	50
43842	res_mob_arabia_mangyang_plunder2	0	PROVEN	50
43843	res_mob_arabia_uneg	0	PROVEN	22
43844	res_mob_arabia_uneg	0	PROVEN	22
43845	res_mob_arabia_mujigi_koold	0	PROVEN	4
43846	res_mob_arabia_bastet_mad	0	PROVEN	16
43847	res_mob_arabia_bastet_thief	0	PROVEN	165
43848	res_mob_arabia_blackrobberarcher_mad	0	PROVEN	5
43849	res_mob_arabia_blackrobberarcher_thief	0	PROVEN	132
43850	res_mob_arabia_blackrobberarcher_thief	0	PROVEN	132
43851	res_mob_arabia_blackrobber_mad	0	PROVEN	5
43852	res_mob_arabia_blackrobber_thief	0	PROVEN	85
43853	res_mob_arabia_blackrobber_thief	0	PROVEN	85
43854	res_mob_arabia_darkkhepri_evil	0	PROVEN	41
43855	res_mob_arabia_darkkhepri_evil	0	PROVEN	41
43856	res_mob_arabia_darkkhepri_evil	0	PROVEN	41
43857	res_mob_arabia_blood_hyena_wildwolf	0	PROVEN	68
43858	res_mob_arabia_blood_hyena_wildwolf	0	PROVEN	68
43859	res_mob_arabia_blood_hyena_fastwolf	0	PROVEN	25
43860	res_mob_arabia_blood_hyena_fastwolf	0	PROVEN	25
43861	res_mob_arabia_snake	0	PROVEN	104
43862	res_mob_arabia_snakedemon_waran	0	PROVEN	10
43863	res_mob_arabia_sabra	0	PROVEN	86
43864	res_mob_arabia_karmus	0	PROVEN	120
43865	res_mob_arabia_thief_boss_tooth	0	PROVEN	2
43866	res_mob_arabia_bast_2_armor	0	PROVEN	61
43867	res_mob_arabia_blackrobberarcher_armor	0	PROVEN	68
43868	res_mob_arabia_blackrobber_armor	0	PROVEN	36
43869	res_mob_arabia_telbasta_2_armor	0	PROVEN	17
43870	res_mob_arabia_snake	0	PROVEN	104
43871	res_mob_arabia_snake	0	PROVEN	104
43872	res_mob_arabia_sabra	0	PROVEN	86
43873	res_mob_arabia_sabra	0	PROVEN	86
43874	res_mob_arabia_karmus	0	PROVEN	120
43875	res_mob_arabia_karmus	0	PROVEN	120
43876	res_mob_arabia_firespirit	0	PROVEN	83
43877	res_mob_arabia_firespirit	0	PROVEN	83
43878	res_mob_arabia_firespirit_demon	0	PROVEN	109
43879	res_mob_arabia_firespirit_demon	0	PROVEN	109
43880	res_mob_arabia_togui_toguidoll_dark	0	PROVEN	39
43881	res_mob_arabia_togui_toguidoll_dark	0	PROVEN	39
43882	res_mob_arabia_crab	0	PROVEN	36
43883	res_mob_arabia_whitespider_madness	0	PROVEN	93
43884	res_mob_arabia_whitespider_madness	0	PROVEN	93
43886	res_mob_arabia_whitespider_fallinblood	0	PROVEN	71
43887	res_mob_arabia_whitespider_fallinblood	0	PROVEN	71
43888	res_mob_arabia_flame_witch	0	PROVEN	24
43889	res_mob_arabia_flame_witch	0	PROVEN	24
43891	res_mob_arabia_flame_witch_summoner	0	PROVEN	21
43893	res_mob_arabia_cursefire	0	PROVEN	32
43894	res_mob_arabia_cursefire	0	PROVEN	32
43895	res_mob_arabia_cursefire	0	PROVEN	32
43896	res_mob_arabia_cursefireblood	0	PROVEN	32
43897	res_mob_arabia_cursefireblood	0	PROVEN	32
43900	res_mob_arabia_thief_boss	0	PROVEN	1
43901	res_mob_arabia_mad_general_1	0	PROVEN	1
43901	res_mob_arabia_mad_general_2	1	PROVEN	0
43901	res_mob_arabia_mad_general_3	2	PROVEN	0
43902	res_mob_arabia_mad_general_3_clone	0	PROVEN	7
43903	res_mob_arabia_giant_demon	0	PROVEN	1
43904	res_mob_arabia_mustafa	0	PROVEN	11
43905	res_mob_arabia_karkadann	0	PARTIAL	11
43906	res_mob_arabia_kidemonas	0	PROVEN	11
43907	res_mob_arabia_launatune	0	PROVEN	1
43908	res_mob_arabia_harrison	0	PROVEN	2
43909	res_mob_arabia_geenie	0	PROVEN	1
43910	res_mob_arabia_venefica	0	PROVEN	1
43911	res_mob_arabia_venefica_demon	0	PROVEN	1
43913	res_npc_npc_arabia_malak	0	PROVEN	2
43914	res_npc_npc_arabia_khaled	0	PROVEN	2
5851	res_mob_europe_movoi	0	PROVEN	25
5853	res_mob_europe_edenp	0	PROVEN	83
5855	res_mob_europe_wolf	0	PROVEN	71
5858	res_mob_europe_baroi	0	PROVEN	69
5859	res_mob_europe_bartis	0	PROVEN	14
5862	res_mob_europe_dowb	0	PROVEN	41
5865	res_mob_europe_kyklopess	0	PROVEN	65
5866	res_mob_europe_ladon	0	PROVEN	23
5869	res_mob_europe_lion	0	PROVEN	104
5870	res_mob_europe_siren	0	PROVEN	37
5871	res_mob_europe_kerberos	0	PROVEN	13
5872	res_mob_roc_sealrocky	0	PROVEN	7
5873	res_mob_roc_sealrocky	0	PROVEN	7
5874	res_mob_roc_sealrocky	0	PROVEN	7
5875	res_mob_roc_sealrocky	0	PROVEN	7
5876	res_mob_roc_sealrocky	0	PROVEN	7
5877	res_mob_roc_sealrocky	0	PROVEN	7
5878	res_mob_roc_sealrocky	0	PROVEN	7
5901	res_npc_npc_khotanshop_designer	0	PROVEN	6
5902	res_npc_npc_khotanshop_designer	0	PROVEN	6
5903	res_npc_npc_rocmountainshop_villagechief	0	PROVEN	1
5904	res_npc_npc_rocmountainquest_slave1	0	PROVEN	1
5905	res_npc_npc_rocmountainquest_slave2	0	PROVEN	1
5906	res_npc_npc_rocmountainquest_slave3	0	PROVEN	1
5907	res_npc_npc_rocmountainquest_youngwoman1	0	PROVEN	1
5908	res_npc_npc_rocmountainquest_youngwoman2	0	PROVEN	2
5909	res_npc_npc_rocmountainquest_oldwoman	0	PROVEN	1
5910	res_npc_npc_khotanshop_designer	0	PROVEN	6
5911	res_npc_npc_khotanshop_designer	0	PROVEN	6
5949	res_mob_roc_antelope_qt	0	PROVEN	3
7495	res_npc_npc_easteuropeshop_smith	0	PROVEN	2
7496	res_npc_npc_easteuropeshop_armor	0	PROVEN	1
7497	res_npc_npc_easteuropeshop_potion	0	PROVEN	1
7498	res_npc_npc_easteuropeshop_accessory	0	PROVEN	1
7499	res_npc_npc_easteuropeshop_stable	0	PROVEN	2
7500	res_npc_npc_easteuropeshop_specialproduct	0	PROVEN	3
7501	res_npc_npc_easteuropesystem_merchantunion	0	PROVEN	1
7502	res_npc_npc_easteuropesystem_portmanager	0	PROVEN	3
7503	res_npc_npc_easteuropequest_gravekeeper	0	PROVEN	1
7504	res_npc_npc_easteuropesystem_hunterunion	0	PROVEN	3
7505	res_npc_npc_easteuropequest_witchofsunset	0	PROVEN	1
7507	res_npc_npc_easteuropequest_priest	0	PROVEN	1
7508	res_npc_npc_easteuropequest_adventure	0	PROVEN	1
7509	res_npc_npc_easteuropequest_steward	0	PROVEN	1
7510	res_npc_npc_easteuropequest_chinaslave	0	PROVEN	1
7511	res_npc_npc_easteuropequest_chamberlain	0	PROVEN	1
7512	res_npc_npc_easteuropequest_unionleader_kafros	0	PROVEN	3
7513	res_npc_npc_easteuropequest_unionleader_ubetino	0	PROVEN	1
7514	res_npc_npc_easteuropequest_commander_baltegru	0	PROVEN	1
7515	res_npc_npc_easteuropequest_soldier_besaros	0	PROVEN	1
7516	res_npc_npc_easteuropequest_soldier_kasius	0	PROVEN	1
7517	res_npc_npc_easteuropequest_soldier_kotomo	0	PROVEN	1
7518	res_npc_npc_easteuropequest_soldier_riedo	0	PROVEN	1
7519	res_npc_npc_easteuropequest_soldier_takia	0	PROVEN	1
7520	res_npc_npc_easteuropequest_soldier_alex	0	PROVEN	1
7521	res_npc_npc_easteuropequest_soldier_masimus	0	PROVEN	1
7522	res_npc_npc_easteuropequest_soldier_kartino	0	PROVEN	1
7523	res_npc_npc_easteuropequest_soldier_justia	0	PROVEN	1
7524	res_npc_npc_easteuropesystem_portmanager2	0	PROVEN	1
7525	res_npc_npc_easteuropesystem_guild	0	PROVEN	1
7526	res_npc_npc_easteuropequest_lipria	0	PROVEN	3
7527	res_npc_npc_asiaminor_ferry1	0	PROVEN	1
7528	res_npc_npc_asiaminor_ferry2	0	PROVEN	1
7529	res_npc_npc_asiaminor_flyship	0	PROVEN	1
7530	res_npc_npc_centralasiashop_weapon	0	PROVEN	1
7531	res_npc_npc_centralasiashop_armor	0	PROVEN	1
7532	res_npc_npc_centralasiashop_potion	0	PROVEN	1
7533	res_npc_npc_centralasiashop_accessory	0	PROVEN	1
7534	res_npc_npc_centralasiashop_horse	0	PROVEN	1
7535	res_npc_npc_centralasiashop_special	0	PROVEN	2
7536	res_npc_npc_centralasiashop_merchant	0	PROVEN	1
7537	res_npc_npc_centralasiashop_warehouse	0	PROVEN	1
7538	res_npc_npc_centralasiashop_hunter	0	PROVEN	1
7539	res_npc_npc_centralasiaquest_soldier_ea1	0	PROVEN	1
7540	res_npc_npc_centralasiaquest_soldier_ea2	0	PROVEN	1
7541	res_npc_npc_centralasiaquest_soldier_so1	0	PROVEN	1
7542	res_npc_npc_centralasiaquest_soldier_so2	0	PROVEN	1
7543	res_npc_npc_centralasiaquest_soldier_we1	0	PROVEN	1
7544	res_npc_npc_centralasiaquest_soldier_we2	0	PROVEN	1
7545	res_npc_npc_centralasiasystem_tunnel_no	0	PROVEN	1
7546	res_npc_npc_centralasiasystem_tunnel_so	0	PROVEN	1
7547	res_npc_npc_centralasiasystem_flyship	0	PROVEN	1
7548	res_npc_npc_taklamakansystem_tunnel_no	0	PROVEN	1
7549	res_npc_npc_taklamakansystem_tunnel_so	0	PROVEN	1
7565	res_npc_npc_thiefden_thief_e	0	PROVEN	2
7566	res_npc_npc_thiefden_thief_d	0	PROVEN	3
7567	res_npc_npc_khotanshop_spacialmerchant	0	PROVEN	4
7569	res_npc_npc_khotanshop_spacialmerchant	0	PROVEN	4
9251	res_npc_npc_gacha_machine	0	PROVEN	7
9252	res_npc_npc_westchinashop_herbalistman	0	PROVEN	8
9273	res_npc_npc_westchinaquest_merchant_sword	0	PROVEN	2
9274	res_npc_npc_khotanquest_minister	0	PROVEN	4
